Company Name,Symbol,Sector,Dividend
Armor Minerals Inc.,A.V,Basic Materials,0
First Tidal Acquisition Corp.,AAA.P.V,sector not available!,0
Anacott Acquisition Corporation,AAC.P.V,sector not available!,0
AADirection Capital Corp.,AAD.P.V,sector not available!,0
Aftermath Silver Ltd.,AAG.V,Basic Materials,0
AAJ Capital 2 Corp.,AAJC.P.V,sector not available!,0
Aton Resources Inc.,AAN.V,Basic Materials,0
ATI Airtest Technologies Inc.,AAT.V,Industrials,0
Angold Resources Ltd.,AAU.V,Basic Materials,0
Advance Gold Corp.,AAX.V,Basic Materials,0
Azincourt Energy Corp.,AAZ.V,Energy,0
Abcourt Mines Inc.,ABI.V,Basic Materials,0
Aben Resources Ltd.,ABN.V,Basic Materials,0
Arbor Metals Corp.,ABR.V,Basic Materials,0
AbraSilver Resource Corp.,ABRA.V,Basic Materials,0
ASIABASEMETALS INC.,ABZ.V,Basic Materials,0
Aardvark Capital Corp.,ACCA.P.V,sector not available!,0
Alpha Cognition Inc.,ACOG.V,Healthcare,0
Atacama Copper Corporation,ACOP.V,sector not available!,0
Arcpacific Resources Corp.,ACP.V,Basic Materials,0
Archon Minerals Ltd.,ACS.V,Basic Materials,0
Acasti Pharma Inc.,ACST.V,Healthcare,0
Aurora Solar Technologies Inc.,ACU.V,Technology,0
Arctic Star Exploration Corp.,ADD.V,Basic Materials,0
Adex Mining Inc,ADE.V,Basic Materials,0
Arcus Development Group Inc,ADG.V,Basic Materials,0
Diagnos Inc.,ADK.V,Healthcare,0
Adyton Resources Corporation,ADY.V,Basic Materials,0
ADYA Inc.,ADYA.V,Communication Services,0
Adamera Minerals Corp.,ADZ.V,Basic Materials,0
Adventus Mining Corporation,ADZN.V,Basic Materials,0
American Eagle Gold Corp.,AE.V,Basic Materials,0
Anfield Energy Inc.,AEC.V,Energy,0
Atlas Engineered Products Ltd.,AEP.V,Industrials,0
AEX Gold Inc.,AEX.V,Basic Materials,0
AF2 Capital Corp.,AF.P.V,sector not available!,0
Africa Energy Corp.,AFE.V,Energy,0
Affinity Metals Corp.,AFF.V,Basic Materials,0
Alphamin Resources Corp.,AFM.V,Basic Materials,0
African Metals Corporation,AFR.V,sector not available!,0
Amarillo Gold Corporation,AGC.V,Basic Materials,0
Antioquia Gold Inc,AGD.V,Basic Materials,0
"African Gold Group, Inc.",AGG.V,Basic Materials,0
Aguila American Gold Limited,AGL.V,Basic Materials,0
Austral Gold Limited,AGLD.V,Basic Materials,0.032
AurCrest Gold Inc.,AGO.V,Basic Materials,0
Silver X Mining Corp.,AGX.V,Basic Materials,0
Allied Hotel Properties Inc.,AHP.V,Consumer Cyclical,0
Amarc Resources Ltd.,AHR.V,Basic Materials,0
AIM5 Ventures Inc.,AIME.P.V,sector not available!,0
AIM6 Ventures Inc.,AIMF.P.V,sector not available!,0
Clean Air Metals Inc.,AIR.V,Basic Materials,0
A.I.S. Resources Limited,AIS.V,Basic Materials,0
Apolo IV Acquisition Corp.,AIV.P.V,sector not available!,0
K.B. Recycling Industries Ltd.,AKMY.V,Industrials,0
Ackroo Inc.,AKR.V,Technology,0
ALX Resources Corp.,AL.V,Energy,0
A-Labs Capital II Corp.,ALAB.P.V,sector not available!,0
A-Labs Capital V Corp.,ALBA.P.V,sector not available!,0
A-Labs Capital IV Corp.,ALCC.P.V,sector not available!,0
Aldebaran Resources Inc.,ALDE.V,Basic Materials,0
Alpha Lithium Corporation.,ALLI.V,Basic Materials,0
Alliance Mining Corp.,ALM.V,Basic Materials,0
"Alpine Summit Energy Partners, Inc.",ALPS.U.V,sector not available!,0
Alturas Minerals Corp,ALT.V,Basic Materials,0
Altamira Gold Corp.,ALTA.V,Basic Materials,0
Altina Capital Corp.,ALTN.P.V,sector not available!,0
Altus Strategies PLC,ALTS.V,Basic Materials,0
Alvopetro Energy Ltd.,ALV.V,Energy,0
AnalytixInsight Inc.,ALY.V,Technology,0
Academy Metals Inc.,AM.V,Basic Materials,0
Arizona Metals Corp.,AMC.V,Basic Materials,0
Abacus Mining & Exploration Corporation,AME.V,Basic Materials,0
Athabasca Minerals Inc,AMI.V,Basic Materials,0
American Creek Resources Ltd.,AMK.V,Basic Materials,0
Bullet Exploration Inc.,AMMO.V,Basic Materials,0
Altan Rio Minerals Limited,AMO.V,Basic Materials,0
AM Resources Corp.,AMR.V,Basic Materials,0
Aumento Capital VIII Corp.,AMU.P.V,sector not available!,0
AMV Capital Corporation,AMV.V,Basic Materials,0
Amex Exploration Inc.,AMX.V,Basic Materials,0
American Manganese Inc,AMY.V,Basic Materials,0
Azucar Minerals Ltd.,AMZ.V,Basic Materials,0
Arena Minerals Inc.,AN.V,Basic Materials,0
ANC Capital Ventures Inc.,ANCV.P.V,sector not available!,0
Altan Nevada Minerals Limited,ANE.V,Basic Materials,0
Angel Gold Corp.,ANG.V,Basic Materials,0
Angkor Resources Corp.,ANK.V,Basic Materials,0
Antler Gold Inc.,ANTL.V,Basic Materials,0
Antalis Ventures Corp.,ANTV.P.V,sector not available!,0
Alianza Minerals Ltd.,ANZ.V,Basic Materials,0
Aloro Mining Corp.,AORO.V,Basic Materials,0
Advanced Proteome Therapeutics Corporation,APC.V,Healthcare,0
Apollo Silver Corp.,APGO.V,Basic Materials,0
Aphelion Capital Corp.,APHE.P.V,sector not available!,0
Appulse Corporation,APL.V,Industrials,0
Andean Precious Metals Corp.,APM.V,Basic Materials,0
Apogee Minerals Ltd.,APMI.V,sector not available!,0
Altiplano Metals Inc.,APN.V,Basic Materials,0
Aequus Pharmaceuticals Inc.,AQS.V,Healthcare,0
Arch Biopartners Inc.,ARCH.V,Healthcare,0
Armada Data Corporation,ARD.V,Industrials,0.04
Altima Resources Ltd.,ARH.V,Energy,0
Awale Resources Limited,ARIC.V,Basic Materials,0
Aranjin Resources Ltd.,ARJN.V,Basic Materials,0
Four Arrows Capital Corp.,AROW.P.V,sector not available!,0
ARHT Media Inc.,ART.V,Technology,0
Artemis Gold Inc.,ARTG.V,Basic Materials,0
Aurania Resources Ltd.,ARU.V,Basic Materials,0
Aurora Spine Corporation,ASG.V,Healthcare,0
Ashanti Sankofa Inc.,ASI.V,Basic Materials,0
Argentum Silver Corp,ASL.V,Basic Materials,0
Astron Connect Inc.,AST.V,Consumer Defensive,0
Auston Capital Corp.,ASTN.P.V,sector not available!,0
ATAC Resources Ltd.,ATC.V,Basic Materials,0
Altai Resources Inc,ATI.V,Energy,0
Altaley Mining Corporation,ATLY.V,Basic Materials,0
Altura Energy Inc.,ATU.V,Energy,0
ATW Tech Inc.,ATW.V,Technology,0
ATEX Resources Inc.,ATX.V,Basic Materials,0
Atico Mining Corporation,ATY.V,Basic Materials,0
Aurion Resources Ltd,AU.V,Basic Materials,0
Allegiant Gold Ltd.,AUAU.V,Basic Materials,0
Goldplay Mining Inc.,AUC.V,Basic Materials,0
Golden Sky Minerals Corp.,AUEN.V,Basic Materials,0
Au Gold Corp.,AUGC.V,Basic Materials,0
Aumento Capital IX Corp.,AUIX.P.V,sector not available!,0
Aurelius Minerals Inc.,AUL.V,Basic Materials,0
1911 Gold Corporation,AUMB.V,Basic Materials,0
Aurcana Silver Corporation,AUN.V,Basic Materials,0
AuQ Gold Mining Inc.,AUQ.V,Basic Materials,0
Carbeeza Inc.,AUTO.V,sector not available!,0
Gold79 Mines Ltd.,AUU.V,Basic Materials,0
Avricore Health Inc.,AVCR.V,Healthcare,0
Avidian Gold Corp.,AVG.V,Basic Materials,0
Antera Ventures II Corp.,AVII.P.V,sector not available!,0
Avanti Energy Inc.,AVN.V,Energy,0
Avrupa Minerals Ltd.,AVU.V,Basic Materials,0
Altair Resources Inc.,AVX.V,Basic Materials,0
Thunderstruck Resources Ltd.,AWE.V,Basic Materials,0
Advent-AWI Holdings Inc.,AWI.V,Consumer Cyclical,0.2
Arcwest Exploration Inc.,AWX.V,Basic Materials,0
Acceleware Ltd.,AXE.V,Technology,0
Axis Auto Finance Inc.,AXIS.V,Financial Services,0
Arrow Exploration Corp.,AXL.V,Energy,0
AXMIN Inc.,AXM.V,Basic Materials,0
A2Z Smart Technologies Corp.,AZ.V,Industrials,0
Azimut Exploration Inc.,AZM.V,Basic Materials,0
Azarga Metals Corp.,AZR.V,Basic Materials,0
Arizona Silver Exploration Inc.,AZS.V,Basic Materials,0
Aztec Minerals Corp.,AZT.V,Basic Materials,0
BCM Resources Corporation,B.V,Basic Materials,0
Else Nutrition Holdings Inc.,BABY.V,Consumer Defensive,0
Blende Silver Corp.,BAG.V,sector not available!,0
Baru Gold Corp.,BARU.V,Basic Materials,0
Batero Gold Corp,BAT.V,Basic Materials,0
Blue Star Gold Corp.,BAU.V,Basic Materials,0
Aston Bay Holdings Ltd.,BAY.V,Basic Materials,0
Brixton Metals Corporation,BBB.V,Basic Materials,0
Builders Capital Mortgage Corp.,BCF.V,Financial Services,0.798
Bear Creek Mining Corporation,BCM.V,Basic Materials,0
BriaCell Therapeutics Corp.,BCT.V,Healthcare,0
Bell Copper Corporation,BCU.V,Basic Materials,0
Boundary Gold and Copper Mining Ltd.,BDGC.V,Basic Materials,0
Belmont Resources Inc.,BEA.V,Basic Materials,0
Hill Street Beverage Company Inc.,BEER.V,Consumer Defensive,0
Braille Energy Systems Inc.,BES.V,Industrials,0
BeWhere Holdings Inc.,BEW.V,Technology,0
Benton Resources Inc.,BEX.V,Basic Materials,0
BioNeutra Global Corporation,BGA.V,Consumer Defensive,0
Bullion Gold Resources Corp.,BGD.V,Basic Materials,0
Beauce Gold Fields Inc.,BGF.V,Basic Materials,0
Baroyeca Gold & Silver Inc.,BGS.V,Basic Materials,0
Bayhorse Silver Inc.,BHS.V,Basic Materials,0
Braveheart Resources Inc.,BHT.V,Basic Materials,0
Bald Eagle Gold Corp.,BIG.V,Basic Materials,0
BuildDirect.Com Technologies Inc.,BILD.V,sector not available!,0
Bitfarms Ltd.,BITF.V,Crypto,0
Blockchaink2 Corp.,BITK.V,Financial Services,0
Pacific Booker Minerals Inc.,BKM.V,Basic Materials,0
Blockmint Technologies Inc.,BKMT.V,Financial Services,0
BluMetric Environmental Inc.,BLM.V,Industrials,0
GlobalBlock Digital Asset Trading Limited,BLOK.V,Technology,0
Baltic I Acquisition Corp.,BLTC.P.V,sector not available!,0
Blue Thunder Mining Inc.,BLUE.V,Basic Materials,0
Barsele Minerals Corp.,BME.V,Basic Materials,0
Bemetals Corp.,BMET.V,Basic Materials,0
BMEX Gold Inc.,BMEX.V,Basic Materials,0
Black Mountain Gold USA Corp.,BMG.V,Basic Materials,0
BMGB Capital Corp.,BMGB.P.V,sector not available!,0
MacDonald Mines Exploration Ltd.,BMK.V,Basic Materials,0
Black Mammoth Metals Corporation,BMM.V,Basic Materials,0
Battery Mineral Resources Corp.,BMR.V,Basic Materials,0
Bathurst Metals Corp.,BMV.V,Basic Materials,0
Benchmark Metals Inc.,BNCH.V,Basic Materials,0
Banxa Holdings Inc.,BNXA.V,Technology,0
Bonanza Mining Corporation,BNZ.V,sector not available!,0
The Limestone Boat Company Limited,BOAT.V,Consumer Cyclical,0
Bold Ventures Inc.,BOL.V,Basic Materials,0
Bold Capital Enterprises Ltd.,BOLD.P.V,sector not available!,0
Backstageplay Inc.,BP.V,Communication Services,0
BQE Water Inc.,BQE.V,Industrials,0
Big Ridge Gold Corp.,BRAU.V,Basic Materials,0
Blackrock Silver Corp.,BRC.V,Basic Materials,0
Brachium2 Capital Corp.,BRCB.P.V,sector not available!,0
Brigadier Gold Limited,BRG.V,Basic Materials,0
Biorem Inc.,BRM.V,Industrials,0
Barksdale Resources Corp.,BRO.V,Basic Materials,0
Brunswick Exploration Inc.,BRW.V,Basic Materials,0
Bearing Lithium Corp.,BRZ.V,Basic Materials,0
Bayshore Petroleum Corp,BSH.V,Energy,0
Blue Sky Uranium Corp.,BSK.V,Energy,0
Bluestone Resources Inc.,BSR.V,Basic Materials,0
Bessor Minerals Inc.,BST.V,Basic Materials,0
Bitcoin Well Inc.,BTCW.V,sector not available!,0
Bioasis Technologies Inc.,BTI.V,Healthcare,0
Bonterra Resources Inc.,BTR.V,Basic Materials,0
Bitterroot Resources Ltd.,BTT.V,Basic Materials,0
BTU Metals Corp.,BTU.V,Basic Materials,0
Bluerush Inc.,BTV.V,Technology,0
Satori Resources Inc.,BUD.V,Basic Materials,0
Buffalo Coal Corp.,BUF.V,Energy,0
Buzz Capital 2 Inc.,BUZH.P.V,sector not available!,0
Bravada Gold Corporation,BVA.V,Basic Materials,0
Blackwolf Copper and Gold Ltd.,BWCG.V,Basic Materials,0
Boardwalktech Software Corp.,BWLK.V,Technology,0
BWR Exploration Inc.,BWR.V,Basic Materials,0
Blue River Resources Ltd.,BXR.V,Basic Materials,0
Banyan Gold Corp.,BYN.V,Basic Materials,0
Benz Mining Corp.,BZ.V,Basic Materials,0
BuzBuz Capital Corp.,BZBZ.P.V,sector not available!,0
Contact Gold Corp.,C.V,Basic Materials,0
Colonial Coal International Corp,CAD.V,Basic Materials,0
Canaf Investments Inc.,CAF.V,Basic Materials,0.1
Composite Alliance Group Inc.,CAG.V,Industrials,0
Central African Gold Inc.,CAGR.V,Basic Materials,0
Canadabis Capital Inc.,CANB.V,Healthcare,0
Candelaria Mining Corp.,CAND.V,Basic Materials,0
Wildpack Beverage Inc.,CANS.V,Industrials,0
Canex Metals Inc.,CANX.V,Basic Materials,0
Castle Peak Mining Ltd.,CAP.V,Basic Materials,0
Capitan Mining Inc.,CAPT.V,Basic Materials,0
CASA Minerals Inc.,CASA.V,Basic Materials,0
Camrova Resources Inc.,CAV.V,Basic Materials,0
Champion Bear Resources Ltd.,CBA.V,Basic Materials,0
Castlebar Capital Corp.,CBAR.P.V,sector not available!,0
Chibougamau Independent Mines Inc.,CBG.V,Basic Materials,0
Colibri Resource Corporation,CBI.V,Basic Materials,0
CBLT Inc.,CBLT.V,Basic Materials,0
Clear Blue Technologies International Inc.,CBLU.V,Technology,0
Cabral Gold Inc.,CBR.V,Basic Materials,0
Cobra Venture Corporation,CBV.V,Energy,0
Cross Border Capital I Inc.,CBX.P.V,sector not available!,0
Canada Carbon Inc.,CCB.V,Basic Materials,0
Cedarmont Capital Corp.,CCCA.P.V,sector not available!,0
C3 Metals Inc.,CCCM.V,Basic Materials,0
Cascadero Copper Corporation,CCD.V,Basic Materials,0
Commerce Resources Corp.,CCE.V,Basic Materials,0
Cuspis Capital II Ltd.,CCII.P.V,sector not available!,0
Canada Silver Cobalt Works Inc.,CCW.V,Basic Materials,0
Cantex Mine Development Corp.,CD.V,Basic Materials,0
Canuc Resources Corporation,CDA.V,Energy,0
Cordoba Minerals Corp.,CDB.V,Basic Materials,0
Cadillac Ventures Inc.,CDC.V,Basic Materials,0
Cardero Resource Corp.,CDU.V,Basic Materials,0
Cloud DX Inc.,CDX.V,Healthcare,0
CE Brands Inc,CEBI.V,Financial Services,0
Constantine Metal Resources Ltd.,CEM.V,Basic Materials,0
Claren Energy Corp.,CEN.V,Energy,0
Cliffside Capital Ltd.,CEP.V,Financial Services,0
Cerrado Gold Inc.,CERT.V,Basic Materials,0
CF Energy Corp.,CFY.V,Utilities,0.076
Carlin Gold Corporation,CGD.V,Basic Materials,0
Cornerstone Capital Resources Inc.,CGP.V,Basic Materials,0
China Education Resources Inc.,CHN.V,Consumer Defensive,0
Cypress Hills Resource Corp,CHY.V,Energy,0
Central Iron Ore Limited,CIO.V,Basic Materials,0
Chesapeake Gold Corp.,CKG.V,Basic Materials,0
Cordy Oilfield Services Inc.,CKK.V,Industrials,0
Claritas Pharmaceuticals Inc.,CLAS.V,Healthcare,0
Clearford Water Systems Inc.,CLI.V,Industrials,0
Canoe Mining Ventures Corp.,CLV.V,Basic Materials,0
Canasil Resources Inc.,CLZ.V,Basic Materials,0
CMC Metals Ltd.,CMB.V,Basic Materials,0
Cielo Waste Solutions Corp.,CMC.V,sector not available!,0
Commander Resources Ltd.,CMD.V,Basic Materials,0.08
C-COM Satellite Systems Inc.,CMI.V,Technology,0.052
Capella Minerals Limited,CMIL.V,Basic Materials,0
Canickel Mining Limited,CML.V,Basic Materials,1.2
Comet Industries Ltd.,CMU.V,Basic Materials,0.72
Condor Resources Inc,CN.V,Basic Materials,0
Canada Nickel Company Inc.,CNC.V,Basic Materials,0
Collective Mining Ltd.,CNL.V,Basic Materials,0
California Nanotechnologies Corp,CNO.V,Basic Materials,0
Contagious Gaming Inc.,CNS.V,Communication Services,12.32
Callinex Mines Inc.,CNX.V,Basic Materials,0
Cobalt Blockchain Inc.,COBC.V,Basic Materials,0
Collingwood Resources Corp.,COLL.P.V,sector not available!,0
Canada One Mining Corp.,CONE.V,Basic Materials,0
NatureBank Asset Management Inc.,COO.V,Financial Services,0
Camino Minerals Corporation,COR.V,Basic Materials,0
Covalon Technologies Ltd.,COV.V,Healthcare,0
Copaur Minerals Inc.,CPAU.V,Basic Materials,0
Column Capital Corp.,CPC.P.V,sector not available!,0
Copper Lake Resources Ltd.,CPL.V,Basic Materials,0
Allied Copper Corp.,CPR.V,Basic Materials,0
Canadian Premium Sand Inc.,CPS.V,Basic Materials,0
Conquest Resources Ltd.,CQR.V,Basic Materials,0
Cranstown Capital Corp.,CRAN.P.V,sector not available!,0
Cariboo Rose Resources Ltd,CRB.V,Basic Materials,0
Carebook Technologies Inc.,CRBK.V,Healthcare,0
Critical Elements Lithium Corporation,CRE.V,Basic Materials,0
Churchill Resources Inc.,CRI.V,Basic Materials,0
Stormcrow Holdings Corp.,CROW.P.V,sector not available!,0
Cortus Metals Inc.,CRTS.V,Basic Materials,0
Cresval Capital Corp.,CRV.V,Basic Materials,0
Citizen Stash Cannabis Corp.,CSC.V,Healthcare,0
Comstock Metals Ltd.,CSL.V,Basic Materials,0
Corsa Coal Corp.,CSO.V,Basic Materials,0
CANSO SELECT OPPORTUNITIES CORP A,CSOC.A.V,sector not available!,0
CANSO SELECT OPPORTUNITIES CORP B,CSOC.B.V,sector not available!,0
Castlecap Capital Inc.,CSTL.P.V,sector not available!,0
Cryptostar Corp.,CSTR.V,Financial Services,0
Clean Seed Capital Group Ltd.,CSX.V,Industrials,0
Centaurus Energy Inc.,CTA.V,Energy,0
Canterra Minerals Corporation,CTM.V,Basic Materials,0
Centurion Minerals Ltd.,CTN.V,Basic Materials,0
Circa Enterprises Inc,CTO.V,Industrials,0.24
County Capital 2 Ltd.,CTWO.P.V,sector not available!,0
Namsys Inc.,CTZ.V,Technology,0
Cuda Oil and Gas Inc.,CUDA.V,Energy,0
Currie Rose Resources Inc.,CUI.V,Basic Materials,0
Consolidated Uranium Inc.,CUR.V,Basic Materials,0
Cornish Metals Inc.,CUSN.V,Basic Materials,0
Copper Fox Metals Inc.,CUU.V,Basic Materials,0
Compass Gold Corporation,CVB.V,Basic Materials,0
Compass Venture Inc.,CVI.P.V,sector not available!,0
CVR Medical Corp.,CVM.V,Healthcare,0
Canalaska Uranium Ltd.,CVV.V,Basic Materials,0
Cematrix Corporation,CVX.V,Basic Materials,0
CWC Energy Services Corp.,CWC.V,Energy,0.012
Crown Point Energy Inc.,CWV.V,Energy,0.98
Canyon Creek Food Company Ltd.,CYF.V,Consumer Defensive,0
Ceylon Graphite Corp.,CYL.V,Basic Materials,0
Cymat Technologies Ltd.,CYM.V,Industrials,0
Cypress Development Corp.,CYP.V,Basic Materials,0
Ceapro Inc.,CZO.V,Healthcare,0
Cleghorn Minerals Ltd,CZZ.V,Basic Materials,0
Datable Technology Corporation,DAC.V,Technology,0
Arianne Phosphate Inc.,DAN.V,Basic Materials,0
Darelle Online Solutions Inc.,DAR.V,Communication Services,0
Desert Gold Ventures Inc.,DAU.V,Basic Materials,0
Decibel Cannabis Company Inc.,DB.V,Healthcare,0
Doubleview Gold Corp.,DBG.V,Basic Materials,0
Dore Copper Mining Corp.,DCMC.V,Basic Materials,0
District Copper Corp.,DCOP.V,Basic Materials,0
Dash Capital Corp.,DCX.P.V,sector not available!,0
Discovery-Corp Enterprises Inc.,DCY.V,Basic Materials,0
Decisive Dividend Corporation,DE.V,Industrials,0.3
Playgon Games Inc.,DEAL.V,Communication Services,0
Decade Resources Ltd,DEC.V,Basic Materials,0
Defiance Silver Corp.,DEF.V,Basic Materials,0
Defense Metals Corp.,DEFN.V,Basic Materials,0
DelphX Capital Markets Inc.,DELX.V,Financial Services,0
Almadex Minerals Ltd.,DEX.V,Basic Materials,0
Diamond Fields Resources Inc.,DFR.V,Basic Materials,0
Dixie Gold Inc.,DG.V,Basic Materials,0
Digihost Technology Inc.,DGHI.V,Technology,0
DGL Investments No. 1 Inc.,DGL.P.V,sector not available!,0
Durango Resources Inc.,DGO.V,Basic Materials,0
DGTL Holdings Inc.,DGTL.V,Communication Services,0
Discovery Harbour Resources Corp.,DHR.V,Basic Materials,0
Margaret Lake Diamonds Inc.,DIA.V,Basic Materials,0
Dajin Lithium Corp.,DJI.V,Basic Materials,0
Decklar Resources Inc.,DKL.V,Basic Materials,0
DLC Holdings Corp.,DLC.V,Consumer Defensive,0
Dominion Lending Centres Inc.,DLCG.V,Financial Services,0
DLP Resources Inc.,DLP.V,Basic Materials,0
Delta Resources Limited,DLTA.V,Basic Materials,0
Datametrex AI Limited,DM.V,Technology,0
Desert Mountain Energy Corp.,DME.V,Energy,0
DMG Blockchain Solutions Inc.,DMGI.V,Crypto,0
Diamcor Mining Inc,DMI.V,Basic Materials,0
Damara Gold Corp.,DMR.V,Basic Materials,0
Small Pharma Inc.,DMT.V,Healthcare,0
District Metals Corp,DMX.V,Basic Materials,0
CloudMD Software & Services Inc.,DOC.V,Healthcare,0
Discovery One Investment Corp.,DOIT.P.V,sector not available!,0
Dios Exploration Inc,DOS.V,Basic Materials,0
Denarius Silver Corp.,DSLV.V,Basic Materials,0
Deep-South Resources Inc.,DSM.V,Basic Materials,0
Discovery Silver Corp.,DSV.V,Basic Materials,0
Destiny Media Technologies Inc.,DSY.V,Technology,0
Dynamic Technologies Group Inc.,DTG.V,Industrials,0
Daura Capital Corp.,DUR.P.V,sector not available!,0
Duro Metals Inc.,DURO.P.V,sector not available!,0
Dolly Varden Silver Corporation,DV.V,Basic Materials,0
Divergent Energy Services Corp.,DVG.V,Energy,0
Drummond Ventures Corp.,DVX.P.V,sector not available!,0
Diamond Estates Wines & Spirits Inc.,DWS.V,Consumer Defensive,0
DXStorm.com Inc,DXX.V,Technology,0
Dynasty Gold Corp.,DYG.V,Basic Materials,0
Earth Alive Clean Technologies Inc.,EAC.V,Basic Materials,0
East Africa Metals Inc.,EAM.V,Basic Materials,0
EastWest Bioscience Inc.,EAST.V,Healthcare,0
Engineer Gold Mines Ltd.,EAU.V,Basic Materials,0
Eastwood Bio-Medical Canada Inc.,EBM.V,Healthcare,0
Endurance Capital Corp.,ECAP.P.V,sector not available!,0
Ethos Gold Corp.,ECC.V,Basic Materials,0
ECC Ventures 4 Corp.,ECCF.P.V,sector not available!,0
ECC Ventures 3 Corp.,ECCT.P.V,sector not available!,0
Ecolomondo Corporation,ECM.V,Industrials,0
Emerge Commerce Ltd.,ECOM.V,Financial Services,0
Cartier Resources Inc,ECR.V,Basic Materials,0
Element 29 Resources Inc.,ECU.V,Basic Materials,0
Edison Battery Metals Corp.,EDDY.V,Basic Materials,0
Endurance Gold Corporation,EDG.V,Basic Materials,0
1844 Resources Inc.,EFF.V,Basic Materials,0
Eagle Graphite Incorporated,EGA.V,Basic Materials,0
Engold Mines Ltd.,EGM.V,Basic Materials,0
Eguana Technologies Inc.,EGT.V,Industrials,0
Enerdynamic Hybrid Technologies Corp.,EHT.V,Technology,0
"CardioComm Solutions, Inc.",EKG.V,Healthcare,0
Engagement Labs Inc.,EL.V,Technology,0
Elysee Development Corp.,ELC.V,Financial Services,0.12
Elemental Royalties Corp.,ELE.V,Basic Materials,0
Electric Royalties Ltd.,ELEC.V,Basic Materials,0
Element Lifestyle Retirement Inc.,ELM.V,Healthcare,0
El Nino Ventures Inc.,ELN.V,Basic Materials,0.11
Eloro Resources Ltd.,ELO.V,Basic Materials,0
Elixxer Ltd.,ELXR.V,Healthcare,0
Giyani Metals Corp.,EMM.V,Basic Materials,0
Euro Manganese Inc.,EMN.V,Basic Materials,0
Eminent Gold Corp.,EMNT.V,Basic Materials,0
Emerita Resources Corp.,EMO.V,Basic Materials,0
Empress Royalty Corp.,EMPR.V,Basic Materials,0
Emgold Mining Corporation,EMR.V,Basic Materials,0
EMX Royalty Corporation,EMX.V,Basic Materials,0
Enablence Technologies Inc.,ENA.V,Technology,0
Enduro Metals Corporation,ENDR.V,Basic Materials,0
New Energy Metals Corp,ENRG.V,Basic Materials,0
Entourage Health Corp.,ENTG.V,Healthcare,0
EnWave Corporation,ENW.V,Industrials,0
Eco (Atlantic) Oil & Gas Ltd.,EOG.V,Energy,0
Empire Metals Corp.,EP.V,Basic Materials,0.64
Eagle Plains Resources Ltd.,EPL.V,Basic Materials,0
EQ Inc.,EQ.V,Communication Services,0
Equity Metals Corporation,EQTY.V,Basic Materials,0
Elcora Advanced Materials Corp,ERA.V,Basic Materials,0
Eros Resources Corp.,ERC.V,Basic Materials,2.4
ESE Entertainment Inc.,ESE.V,Communication Services,0
ESG Capital 1 Inc.,ESGO.P.V,sector not available!,0
ESG Global Impact Capital Inc,ESGW.V,Financial Services,0
Eskay Mining Corp,ESK.V,Basic Materials,0
Esstra Industries Inc.,ESS.V,Financial Services,0
Essex Minerals Inc.,ESX.V,Basic Materials,0
Eastfield Resources Ltd.,ETF.V,Basic Materials,0
E3 Metals Corp.,ETMC.V,Basic Materials,0
E2Gold Inc.,ETU.V,Basic Materials,0
Encore Energy Corp.,EU.V,Energy,0
Erin Ventures Inc.,EV.V,Basic Materials,0
Eve & Co Incorporated,EVE.V,Healthcare,0
Evergold Corp.,EVER.V,Basic Materials,0
EverGen Infrastructure Corp.,EVGN.V,sector not available!,0
European Electric Metals Inc.,EVX.V,Basic Materials,0
East West Petroleum Corp,EW.V,Energy,0
Earthworks Industries Inc.,EWK.V,Industrials,0
Environmental Waste International Inc.,EWS.V,Industrials,0
ExGen Resources Inc.,EXG.V,Basic Materials,0
Fiore Gold Ltd.,F.V,Basic Materials,0
Fountain Asset Corp.,FA.V,Financial Services,0
Fairchild Gold Corp.,FAIR.V,Basic Materials,0
Deveron Corp.,FARM.V,Technology,0
Fab-Form Industries Ltd.,FBF.V,Basic Materials,0
Firm Capital Apartment REIT db 30Jun2026,FCA.DB.V,sector not available!,0
Firm Capital Apartment Real Estate Investment Trust USD,FCA.U.V,sector not available!,0
Firm Capital Apartment Real Estate Investment Trust,FCA.UN.V,sector not available!,0
First Cobalt Corp.,FCC.V,Basic Materials,0
Firm Capital Property Trust,FCD.UN.V,sector not available!,0
Fabled Silver Gold Corp.,FCO.V,Basic Materials,0
Facedrive Inc.,FD.V,Technology,0
Findev Inc.,FDI.V,Financial Services,0.03
Founders Metals Inc.,FDR.V,Basic Materials,0
Oceanic Iron Ore Corp,FEO.V,Basic Materials,0
Fjordland Exploration Inc.,FEX.V,Basic Materials,0
Fife Capital Corp.,FFC.P.V,sector not available!,0
Firefox Gold Corp.,FFOX.V,Basic Materials,0
Cons Firstfund Capital Corp.,FFP.V,Financial Services,0
Falcon Gold Corp.,FG.V,Basic Materials,0
Frontline Gold Corporation,FGC.V,Basic Materials,0
Filo Mining Corp.,FIL.V,Basic Materials,0
Baselode Energy Corp.,FIND.V,Energy,0
Sailfish Royalty Corp.,FISH.V,Basic Materials,0
Fokus Mining Corporation,FKM.V,Basic Materials,0
Frontier Lithium Inc.,FL.V,Basic Materials,0
Drone Delivery Canada Corp.,FLT.V,Technology,0
The Flowr Corporation,FLWR.V,Healthcare,0
FLYHT Aerospace Solutions Ltd.,FLY.V,Industrials,0
Forum Energy Metals Corp.,FMC.V,Basic Materials,1.3752
Full Metal Minerals Ltd.,FMM.V,Basic Materials,0
Fidelity Minerals Corp.,FMN.V,Basic Materials,0
Focus Graphite Inc.,FMS.V,Basic Materials,0
Fancamp Exploration Ltd.,FNC.V,Basic Materials,0
49 North Resources Inc.,FNR.V,Financial Services,0.08
Falcon Oil & Gas Ltd,FO.V,Energy,0
Fobi AI Inc.,FOBI.V,Technology,0
Foran Mining Corporation,FOM.V,Basic Materials,0
Fortune Bay Corp.,FOR.V,Basic Materials,0
Fortress Technologies Inc.,FORT.V,Financial Services,0
Royal Fox Gold Inc,FOXG.V,Basic Materials,0
FP Newspapers Inc.,FP.V,Communication Services,0.32
Falco Resources Ltd.,FPC.V,Basic Materials,0
FPX Nickel Corp.,FPX.V,Basic Materials,0
Fremont Gold Ltd.,FRE.V,Basic Materials,0
Fredonia Mining Inc.,FRED.V,sector not available!,0
Freeport Resources Inc.,FRI.V,Basic Materials,0
Farstarcap Investment Corp.,FRS.P.V,sector not available!,0
Fosterville South Exploration Ltd.,FSX.V,Basic Materials,0
Fintech Select Ltd.,FTEC.V,Technology,0
FTI Foodtech International Inc.,FTI.V,Consumer Cyclical,0
Fort St. James Nickel Corp,FTJ.V,Basic Materials,0
Katipult Technology Corp.,FUND.V,Technology,0
Fuse Cobalt Inc.,FUSE.V,Basic Materials,0
Fission 3.0 Corp.,FUU.V,Energy,0
Flow Capital Corp,FW.V,Financial Services,0.191688
Fireweed Zinc Ltd.,FWZ.V,Basic Materials,0
Finlay Minerals Ltd,FYL.V,Basic Materials,0
General Assembly Holdings Limited Cl A,GA.V,sector not available!,0
Greenfield Acquisition Corp.,GAC.P.V,sector not available!,0
Galantas Gold Corporation,GAL.V,Basic Materials,0
"Engine Media Holdings, Inc.",GAME.V,Communication Services,0
NG Energy International Corp.,GASX.V,Energy,223.9956
Ginger Beef Corporation,GB.V,Consumer Cyclical,0
Lifestyle Global Brands Limited,GBE.V,Basic Materials,0
GBLT Corp.,GBLT.V,Industrials,0
Global Battery Metals Ltd.,GBML.V,Basic Materials,0
Great Bear Resources Ltd.,GBR.V,Basic Materials,0
Gold Bull Resources Corp.,GBRC.V,Basic Materials,0
Great Bear Royalties Corp.,GBRR.V,Basic Materials,0
Gabriel Resources Ltd.,GBU.V,Basic Materials,0
Germinate Capital Ltd.,GCAP.P.V,sector not available!,0
Golden Cariboo Resources Ltd,GCC.V,Basic Materials,0
GCC Global Capital Corporation,GCCC.V,Industrials,0
Goldcliff Resource Corporation,GCN.V,Basic Materials,0
Granite Creek Copper Ltd.,GCX.V,Basic Materials,0
Goldstar Minerals Inc.,GDM.V,Basic Materials,0
Good Natured Products Inc.,GDNP.V,Basic Materials,0
Golden Pursuit Resources Ltd.,GDP.V,Basic Materials,0.00368
Goldex Resources Corporation,GDX.V,Basic Materials,0
Green Battery Minerals Inc.,GEM.V,Basic Materials,0
Global Energy Metals Corporation,GEMC.V,Basic Materials,0
Genix Pharmaceuticals Corporation,GENX.V,Healthcare,0
Glen Eagle Resources Inc,GER.V,Basic Materials,0
GFG Resources Inc.,GFG.V,Basic Materials,0
GreenFirst Forest Products Inc.,GFP.V,Financial Services,0
Galane Gold Ltd.,GG.V,Basic Materials,0
Gambier Gold Corp.,GGAU.V,Basic Materials,0
G6 Materials Corp.,GGG.V,Basic Materials,0
Garibaldi Resources Corp.,GGI.V,Basic Materials,0
GGL Resources Corp.,GGL.V,Basic Materials,0
Granada Gold Mine Inc.,GGM.V,Basic Materials,0
Galleon Gold Corp.,GGO.V,Basic Materials,0
GGX Gold Corp.,GGX.V,Basic Materials,0
Goldhills Holding Ltd.,GHL.V,Basic Materials,0
Gotham Resource Corp.,GHM.P.V,sector not available!,0
Golden Harp Resources Inc.,GHR.V,Basic Materials,0
XAU Resources Inc.,GIG.P.V,sector not available!,0
Giga Metals Corporation,GIGA.V,Basic Materials,0
Gravitas II Capital Corp.,GII.P.V,sector not available!,0
ReGen III Corp.,GIII.V,Energy,0
Green Impact Partners Inc.,GIP.V,Utilities,0
Genesis Metals Corp.,GIS.V,Basic Materials,0
Gitennes Exploration Inc.,GIT.V,Basic Materials,0
Geekco Technologies Corporation,GKO.V,Communication Services,0
Goldbank Mining Corporation,GLB.V,Basic Materials,0
GoldON Resources Ltd.,GLD.V,Basic Materials,0
Cassiar Gold Corp.,GLDC.V,Basic Materials,0
Gold Line Resources Ltd.,GLDL.V,Basic Materials,0
Golden Ridge Resources Ltd.,GLDN.V,Basic Materials,0
Glacier Lake Resources Inc.,GLI.V,Basic Materials,0
Galway Gold Inc.,GLW.V,Basic Materials,0
Geomega Resources Inc,GMA.V,Basic Materials,0
Graphene Manufacturing Group Ltd.,GMG.V,Basic Materials,0
G Mining Ventures Corp.,GMIN.V,Basic Materials,0
GobiMin Inc.,GMN.V,Financial Services,0.04
Gold Mountain Mining Corp.,GMTN.V,Basic Materials,0
GMV Minerals Inc,GMV.V,Basic Materials,0
Golden Goliath Resources Ltd.,GNG.V,Basic Materials,0
Gentor Resources Inc.,GNT.V,Basic Materials,0
Goldeneye Resources Corp.,GOE.V,Energy,0
Golden Tag Resources Ltd.,GOG.V,Basic Materials,0
GINSMS Inc.,GOK.V,Communication Services,0
Golden Dawn Minerals Inc.,GOM.V,Basic Materials,0
Gravitas One Capital Corp.,GONE.P.V,sector not available!,0
Gold State Resources Inc.,GOST.V,sector not available!,0
Goliath Resources Limited,GOT.V,Basic Materials,0
Green Panda Capital Corp.,GPCC.P.V,sector not available!,0
Grande Portage Resources Ltd.,GPG.V,Basic Materials,0
Graphite One Inc.,GPH.V,Basic Materials,0
GPM Metals Inc.,GPM.V,Basic Materials,0
GreenPower Motor Company Inc.,GPV.V,Consumer Cyclical,0
Great Quest Fertilizer Ltd.,GQ.V,Basic Materials,0
GoldQuest Mining Corp.,GQC.V,Basic Materials,0
Great Atlantic Resources Corp.,GR.V,Basic Materials,0
Gratomic Inc.,GRAT.V,Basic Materials,0
Greenbriar Capital Corp,GRB.V,Utilities,0
Grid Metals Corp.,GRDM.V,Basic Materials,0
Green Rise Foods Inc.,GRF.V,Consumer Defensive,0
Golden Arrow Resources Corporation,GRG.V,Basic Materials,0
Galore Resources Inc,GRI.V,Basic Materials,0
Growmax Resources Corp.,GRO.V,Basic Materials,0
CO2 GRO Inc.,GROW.V,Basic Materials,0
GR Silver Mining Ltd.,GRSL.V,Basic Materials,0
Good2GoRTO Corp.,GRTO.P.V,sector not available!,0
Gold Reserve Inc.,GRZ.V,Basic Materials,0
Devonian Health Group Inc.,GSD.V,Healthcare,0
Greenstone Capital Corp.,GSGS.P.V,sector not available!,0
Golden Share Resources Corporation,GSH.V,Basic Materials,0
Goldshore Resources Inc.,GSHR.V,Basic Materials,0
Gatekeeper Systems Inc.,GSI.V,Industrials,0
Gensource Potash Corporation,GSP.V,Basic Materials,0
GSP Resource Corp.,GSPR.V,Basic Materials,0
Gossan Resources Limited,GSS.V,Basic Materials,0
Guanajuato Silver Company Ltd.,GSVR.V,Basic Materials,0
Getty Copper Inc.,GTC.V,Basic Materials,0
Gatling Exploration Inc.,GTR.V,Basic Materials,0
G2 Goldfields Inc.,GTWO.V,Basic Materials,0
Gulf & Pacific Equities Corp.,GUF.V,Real Estate,0
Gungnir Resources Inc.,GUG.V,Basic Materials,0
Gunpoint Exploration Ltd,GUN.V,Basic Materials,0
Angus Gold Inc.,GUS.V,Basic Materials,0
Grosvenor Resource Corporation,GVR.V,Basic Materials,0
Gowest Gold Ltd.,GWA.V,Basic Materials,0
Galway Metals Inc.,GWM.V,Basic Materials,0
Guardian Exploration Inc.,GX.V,Energy,0
Goldsource Mines Inc.,GXS.V,Basic Materials,0
Goviex Uranium Inc.,GXU.V,Energy,0
Guyana Goldstrike Inc.,GYA.V,Basic Materials,0
Grizzly Discoveries Inc.,GZD.V,Basic Materials,0
Golden Valley Mines and Royalties Ltd.,GZZ.V,Basic Materials,0
Hakken Capital Corp.,HAKK.P.V,sector not available!,0
Highwood Asset Management Ltd.,HAM.V,sector not available!,0
Hannan Metals Ltd.,HAN.V,Basic Materials,0
Hanstone Gold Corp.,HANS.V,Basic Materials,0
"Hapbee Technologies, Inc.",HAPB.V,Technology,0
Harfang Exploration Inc.,HAR.V,Basic Materials,0
Haw Capital 2 Corp.,HAW.P.V,sector not available!,0
Hawkeye Gold & Diamond Inc,HAWK.V,Basic Materials,0
Highbank Resources Ltd.,HBK.V,Basic Materials,0
Hanna Capital Corp.,HCC.V,Basic Materials,0
Hansco Capital Corp.,HCO.P.V,sector not available!,0
Huntington Exploration Inc.,HEI.V,Energy,0
First Helium Inc.,HELI.V,Basic Materials,0
Hemostemix Inc.,HEM.V,Healthcare,0
H2O Innovation Inc,HEO.V,Utilities,0
Hampton Financial Corporation,HFC.V,Financial Services,0
Highland Copper Company Inc.,HI.V,Basic Materials,0
Highgold Mining Inc.,HIGH.V,Basic Materials,0
Hylands International Holdings Inc.,HIH.V,Basic Materials,0
Hire Technologies Inc.,HIRE.V,Industrials,0
High Tide Inc.,HITI.V,Healthcare,0
Hive Blockchain Technologies Ltd.,HIVE.V,Crypto,0
Huntsman Exploration Inc.,HMAN.V,Basic Materials,0
High Mountain 2 Capital Corporation,HMCC.P.V,sector not available!,0
Hemisphere Energy Corporation,HME.V,Energy,0
Hemlo Explorers Inc.,HMLO.V,Basic Materials,0
Halmont Properties Corporation cl A vtg shrs,HMT.V,Real Estate,0
Hunter Technology Corp.,HOC.V,Technology,0
Highbury Projects Inc,HPI.V,Basic Materials,0
HPQ-Silicon Resources Inc.,HPQ.V,Basic Materials,0
Happy Creek Minerals Ltd,HPY.V,Basic Materials,0
Hansa Resources Limited,HRL.V,Basic Materials,0
Holly Street Capital Ltd.,HSC.P.V,sector not available!,0
Heliostar Metals Ltd.,HSTR.V,Basic Materials,0
HTC Purenergy Inc,HTC.V,Energy,0
Hoist Capital Corp.,HTE.P.V,sector not available!,0
Hamilton Thorne Ltd,HTL.V,Healthcare,0
Hudson Resources Inc.,HUD.V,Basic Materials,0
Pontus Protein Ltd.,HULK.V,Consumer Defensive,0
Harvest Gold Corp.,HVG.V,Basic Materials,0
Hopefield Ventures Inc.,HVI.P.V,sector not available!,0
Harvest One Cannabis Inc.,HVT.V,Healthcare,0
Highway 50 Gold Corp.,HWY.V,Basic Materials,0
IBC Advanced Alloys Corp.,IB.V,Industrials,0
IBEX Technologies Inc,IBT.V,Healthcare,0
Intercontinental Gold and Metals Ltd.,ICAU.V,Basic Materials,0
Iconic Minerals Ltd.,ICM.V,Basic Materials,0
ICPEI Holdings Inc.,ICPH.V,Financial Services,0
Identillect Technologies Corp.,ID.V,Technology,0
Imperial Equities Inc.,IEI.V,Real Estate,0.06
Itafos Inc.,IFOS.V,Basic Materials,0
International Frontier Resources Corporation,IFR.V,Energy,0
Imaflex Inc.,IFX.V,Consumer Cyclical,0
Independence Gold Corp.,IGO.V,Basic Materials,0
Imperial Ginseng Products Ltd.,IGP.V,Consumer Defensive,0.12
IntelGenx Technologies Corp,IGX.V,Healthcare,0
Imperial Helium Corp.,IHC.V,Basic Materials,0
Israel Capital Canada Corp.,IL.P.V,sector not available!,0
International Lithium Corp.,ILC.V,Basic Materials,0
Infinite Ore Corp.,ILI.V,Basic Materials,0
I-Minerals Inc.,IMA.V,Basic Materials,0
IMining Technologies Inc.,IMIN.V,Financial Services,0
iMetal Resources Inc.,IMR.V,Basic Materials,0
Inca One Gold Corp.,INCA.V,Basic Materials,0
INEO Tech Corp.,INEO.V,Communication Services,0
Infield Minerals Corp.,INFD.V,Basic Materials,0
Input Capital Corp.,INP.V,Consumer Defensive,0.04
Intouch Insight Ltd.,INX.V,Technology,0
Assure Holdings Corp.,IOM.V,Healthcare,0
Ion Energy Ltd.,ION.V,Basic Materials,0
Innovotech Inc.,IOT.V,Healthcare,0
IOU Financial Inc.,IOU.V,Financial Services,0
Immunoprecise Antibodies Ltd.,IPA.V,Healthcare,0
Intl Parkside Products Inc.,IPD.V,Basic Materials,0.04
Imperial Mining Group Ltd.,IPG.V,Basic Materials,0
IMPACT Silver Corp.,IPT.V,Basic Materials,0
AirIQ Inc,IQ.V,Technology,0
IEMR Resources Inc,IRI.V,Basic Materials,0
Inter-Rock Minerals Inc.,IRO.V,Consumer Defensive,0
iSign Media Solutions Inc.,ISD.V,Technology,0
Insuraguest Technologies Inc.,ISGI.V,Technology,0
Isoenergy Ltd,ISO.V,Energy,0
Intact Gold Corp.,ITG.V,Basic Materials,0
Intema Solutions Inc.,ITM.V,Communication Services,0
Integra Resources Corp.,ITR.V,Basic Materials,0
Interconnect Ventures Corporation,IVC.V,Basic Materials,0
Ivrnet Inc.,IVI.V,Technology,0
Inventus Mining Corporation,IVS.V,Basic Materials,0
Inventronics Limited,IVX.V,Industrials,0
Indigo Exploration Inc.,IXI.V,Basic Materials,0
International Zeolite Corp.,IZ.V,Basic Materials,0
InZinc Mining Ltd.,IZN.V,Basic Materials,0
International Prospect Ventures Ltd.,IZZ.V,Basic Materials,0
Jabbo Capital Corp.,JAB.P.V,sector not available!,0
Jade Leader Corp.,JADE.V,Basic Materials,0
Jaeger Resources Corp.,JAEG.V,Basic Materials,0
Jaxon Mining Inc.,JAX.V,Basic Materials,0
Jayden Resources Inc.,JDN.V,Basic Materials,0
Just Energy Group Inc.,JE.V,Utilities,0
Jura Energy Corporation,JEC.V,Energy,0.9
Jesmond Capital Ltd.,JES.P.V,sector not available!,0
Global Crossing Airlines Group Inc.,JET.V,Industrials,0
Jericho Energy Ventures Inc.,JEV.V,Energy,0
Japan Gold Corp.,JG.V,Basic Materials,0
Jackpot Digital Inc.,JJ.V,Consumer Cyclical,0
J4 Ventures Inc.,JJJJ.P.V,sector not available!,0
Just Kitchen Holdings Corp.,JK.V,Consumer Cyclical,0
Jack Nathan Medical Corp.,JNH.V,Healthcare,0
Jourdan Resources Inc,JOR.V,Basic Materials,0
Jade Power Trust,JPWR.UN.V,sector not available!,0
Jervois Global Limited,JRV.V,Basic Materials,0
Justify Capital Corp,JST.P.V,sector not available!,0
Jemtec Inc.,JTC.V,Technology,1
GreenSpace Brands Inc.,JTR.V,Consumer Defensive,0
Jubilee Gold Exploration Ltd,JUB.V,Basic Materials,0
Juggernaut Exploration Ltd.,JUGR.V,Basic Materials,0
Leveljump Healthcare Corp.,JUMP.V,Healthcare,0
Jazz Resources Inc.,JZR.V,Basic Materials,0
Kalon Acquisition Corp.,KAC.P.V,sector not available!,0
Kalo Gold Corp.,KALO.V,Basic Materials,0
Kapa Capital Inc.,KAPA.P.V,sector not available!,0
Kona Bay Technologies Inc.,KBY.V,Communication Services,0
Kutcho Copper Corp.,KC.V,Basic Materials,0
Kincora Copper Limited,KCC.V,Basic Materials,0
KDA Group Inc.,KDA.V,Healthcare,0
Kodiak Copper Corp.,KDK.V,Basic Materials,0
Kadestone Capital Corp.,KDSX.V,Real Estate,0
Kenadyr Metals Corp.,KEN.V,Basic Materials,0
Kesselrun Resources Ltd.,KES.V,Basic Materials,0
Kingfisher Metals Corp.,KFR.V,Basic Materials,0
Klondike Gold Corp,KG.V,Basic Materials,0
Kestrel Gold Inc.,KGC.V,Basic Materials,0
King George Financial Corp,KGF.V,Real Estate,0
KGL Resources Ltd.,KGL.V,Basic Materials,0
Kingman Minerals Ltd.,KGS.V,Basic Materials,0
Khiron Life Sciences Corp.,KHRN.V,Healthcare,0
Kidoz Inc.,KIDZ.V,Communication Services,0
King Global Ventures Inc.,KING.V,Basic Materials,0
Kiplin Metals Inc.,KIP.V,Basic Materials,0
Kelly Ventures Ltd.,KKL.P.V,sector not available!,0
Kenorland Minerals Ltd.,KLD.V,Basic Materials,0
Kermode Resources Ltd.,KLM.V,Basic Materials,0
K9 Gold Corp.,KNC.V,Basic Materials,0
Kane Biotech Inc.,KNE.V,Healthcare,0
Kingsmen Resources Ltd.,KNG.V,Basic Materials,0
Kiaro Holdings Corp.,KO.V,Healthcare,0
Kore Mining Ltd.,KORE.V,Basic Materials,0.6
Kovo Healthtech Corporation,KOVO.V,Healthcare,0
Kainantu Resources Ltd.,KRL.V,Basic Materials,0
Klondike Silver Corp.,KS.V,Basic Materials,0
Kneat.com Inc.,KSI.V,Healthcare,0
Kootenay Silver Inc.,KTN.V,Basic Materials,0
K2 Gold Corporation,KTO.V,Basic Materials,0
Kintavar Exploration Inc.,KTR.V,Basic Materials,0
Cub Energy Inc.,KUB.V,Energy,0
Redishred Capital Corp,KUT.V,Industrials,0
Kuuhubb Inc.,KUU.V,Communication Services,0
KWESST Micro Systems Inc.,KWE.V,Industrials,0
Kaizen Discovery Inc.,KZD.V,Basic Materials,0
Los Andes Copper Ltd.,LA.V,Basic Materials,0
Labrador Gold Corp.,LAB.V,Basic Materials,0
New Carolin Gold Corp.,LAD.V,Basic Materials,0
Libero Copper & Gold Corporation,LBC.V,Basic Materials,0
Lions Bay Capital Inc,LBI.V,Financial Services,0
Liberty One Lithium Corp.,LBY.V,Basic Materials,0
Lamaska Capital Corp.,LCC.P.V,sector not available!,0
Lithoquest Resources Inc.,LDI.V,Basic Materials,0
Leading Edge Materials Corp.,LEM.V,Basic Materials,0
Letho Resources Corp.,LET.V,sector not available!,0
Lithium Energi Exploration Inc.,LEXI.V,Basic Materials,0
Lifeist Wellness Inc.,LFST.V,sector not available!,0
Lendified Holdings Inc.,LHI.V,Financial Services,0
Lakeview Hotel Investment Corp.,LHR.V,Consumer Cyclical,0.12
American Lithium Corp.,LI.V,Basic Materials,0
Lion One Metals Limited,LIO.V,Basic Materials,0
Lithium South Development Corporation,LIS.V,Basic Materials,0
Argentina Lithium and Energy Corp.,LIT.V,Basic Materials,0
Lithium Chile Inc.,LITH.V,Basic Materials,0
Roadman Investments Corp.,LITT.V,Financial Services,0
Lucky Minerals Inc.,LKY.V,Basic Materials,0
Canada Rare Earth Corp.,LL.V,Basic Materials,0
Mason Graphite Inc.,LLG.V,Basic Materials,0
Lingo Media Corporation,LM.V,Communication Services,0
Laurion Mineral Exploration Inc,LME.V,Basic Materials,0
Lincoln Gold Mining Inc.,LMG.V,Basic Materials,0
Lomiko Metals Inc.,LMR.V,Basic Materials,0
Latin Metals Inc.,LMS.V,Basic Materials,0
Loopshare Ltd.,LOOP.V,Technology,0
St. James Gold Corp.,LORD.V,Basic Materials,0
TomaGold Corporation,LOT.V,Basic Materials,0
Cannara Biotech Inc.,LOVE.V,Healthcare,0
Lorne Park Capital Partners Inc.,LPC.V,Financial Services,0
Lupaka Gold Corp.,LPK.V,Basic Materials,0
Legend Power Systems Inc,LPS.V,Industrials,0
LQwD FinTech Corp.,LQWD.V,Technology,0
Luminex Resources Corp.,LR.V,Basic Materials,0
Lara Exploration Ltd.,LRA.V,Basic Materials,0
Lanesborough Real Estate Investment Trust,LRT.UN.V,sector not available!,0
LaSalle Exploration Corp.,LSX.V,Basic Materials,0
Lite Access Technologies Inc.,LTE.V,Technology,0
Leonovus Inc.,LTV.V,Technology,0
Labrador Technologies Inc.,LTX.V,Technology,0
Real Luck Group Ltd.,LUCK.V,Consumer Cyclical,0
Lumina Gold Corp.,LUM.V,Basic Materials,0
Leviathan Gold Ltd.,LVX.V,Basic Materials,0
Leucrotta Exploration Inc.,LXE.V,Energy,0
Lexagene Holdings Inc.,LXG.V,Healthcare,0
Themac Resources Group Limited,MAC.V,Basic Materials,0
Maritime Resources Corp,MAE.V,Basic Materials,0
Magen Ventures I Inc.,MAGN.P.V,sector not available!,0
Marksmen Energy Inc,MAH.V,Energy,0
Minera Alamos Inc.,MAI.V,Basic Materials,0
Maple Peak Investments Inc.,MAP.V,Consumer Cyclical,0
ProStar Holdings Inc.,MAPS.V,Technology,0
Marwest Apartment Real Estate Investment Trust Cl A,MAR.UN.V,sector not available!,0
Marvel Discovery Corp.,MARV.V,Basic Materials,0
Mas Gold Corp.,MAS.V,Basic Materials,0
Masivo Silver Corp.,MASS.V,Basic Materials,0
Montage Gold Corp.,MAU.V,Basic Materials,0
Mobio Technologies Inc.,MBO.V,Technology,0
Momentous Capital Corp.,MCC.P.V,sector not available!,0
Michichi Capital Corp.,MCCP.P.V,sector not available!,0
Pinedale Energy Limited,MCF.V,Energy,0
Mountain China Resorts (Holding) Limited,MCG.V,Consumer Cyclical,0
Minnova Corp.,MCI.V,Basic Materials,0
mCloud Technologies Corp.,MCLD.V,Technology,0
Matachewan Consolidated Mines Ltd. cl A,MCM.A.V,sector not available!,0
Macro Enterprises Inc,MCR.V,Energy,0
McChip Resources Inc,MCS.V,Energy,0.16
Mega Copper Ltd.,MCU.V,Basic Materials,0
MCX Technologies Corporation,MCX.V,Technology,0
Midland Exploration Inc,MD.V,Basic Materials,0
Medallion Resources Ltd.,MDL.V,Basic Materials,0
Madoro Metals Corp.,MDM.V,Basic Materials,0
Medx Health Corp,MDX.V,Healthcare,0
Medgold Resources Corp.,MED.V,Basic Materials,0
Meed Growth Corp.,MEED.P.V,sector not available!,0
Metals Creek Resources Corp.,MEK.V,Basic Materials,0
Mene Inc.,MENE.V,Consumer Cyclical,0
Mercury Acquisitions Corp.,MERC.P.V,sector not available!,0
Metalore Resources Limited,MET.V,Energy,1.6
Mexican Gold Mining Corp.,MEX.V,Basic Materials,0
Mayfair Gold Corp.,MFG.V,Basic Materials,0
Marifil Mines Limited,MFM.V,Basic Materials,0
Minfocus Exploration Corp.,MFX.V,Basic Materials,0
Minaurum Gold Inc.,MGG.V,Basic Materials,0
Magnum Goldcorp Inc.,MGI.V,Basic Materials,0
Monumental Gold Corp.,MGLD.V,Basic Materials,0
Maple Gold Mines Ltd.,MGM.V,Basic Materials,0
Magna Gold Corp.,MGR.V,Basic Materials,0
Mineral Hill Industries Ltd.,MHI.V,Basic Materials,0
Minehub Technologies Inc.,MHUB.V,sector not available!,0
Millbank Mining Corp.,MILL.V,sector not available!,0
Mimi's Rock Corp.,MIMI.V,Consumer Cyclical,0
Inomin Mines Inc,MINE.V,Basic Materials,0
MedMira Inc.,MIR.V,Healthcare,0
The Mint Corporation,MIT.V,Financial Services,0
Miza III Ventures Inc.,MIZA.P.V,sector not available!,0
Majestic Gold Corp.,MJS.V,Basic Materials,0
Mkango Resources Ltd.,MKA.V,Basic Materials,0
Mako Mining Corp.,MKO.V,Basic Materials,0
Melkior Resources Inc,MKR.V,Basic Materials,0
DeepMarkit Corp.,MKT.V,Communication Services,0
Millennial Lithium Corp.,ML.V,Basic Materials,0
Melior Resources Inc.,MLR.V,Basic Materials,0
American Cumo Mining Corporation,MLY.V,Basic Materials,0
Midnight Sun Mining Corp,MMA.V,Basic Materials,0
Metallic Minerals Corp.,MMG.V,Basic Materials,0
Minco Capital Corp.,MMM.V,Financial Services,0
Monarca Minerals Inc.,MMN.V,Basic Materials,0
Macarthur Minerals Limited,MMS.V,Basic Materials,0
Mineral Mountain Resources Ltd.,MMV.V,Basic Materials,0
Monument Mining Limited,MMY.V,Basic Materials,0
Manganese X Energy Corp.,MN.V,Basic Materials,0
Magnetic North Acquisition Corp.,MNC.V,Financial Services,0
Meridian Mining UK Societas,MNO.V,Basic Materials,0
Mednow Inc.,MNOW.V,Healthcare,0
Manitex Capital Inc.,MNX.V,Financial Services,0
Montero Mining And Exploration Ltd.,MON.V,Basic Materials,0
Moon River Capital Ltd.,MOO.P.V,sector not available!,0
Blue Moon Metals Inc.,MOON.V,Basic Materials,0
MOBI724 Global Solutions Inc.,MOS.V,Technology,0
Morien Resources Corp.,MOX.V,Energy,0.012
Medicure Inc.,MPH.V,Healthcare,0
Millennial Precious Metals Corp.,MPM.V,Basic Materials,0
Midpoint Holdings Ltd.,MPT.V,Financial Services,0
Millrock Resources Inc,MRO.V,Basic Materials,0
Mission Ready Solutions Inc.,MRS.V,Industrials,0
Marvel Biosciences Corp,MRVL.V,Healthcare,0
Mirasol Resources Ltd.,MRZ.V,Basic Materials,0
Millennium Silver Corp.,MSC.V,sector not available!,0
Satellos Bioscience Inc.,MSCL.V,Healthcare,0
Mantaro Silver Corp.,MSLV.V,Basic Materials,0
MJ Innovation Capital Corp.,MSMJ.P.V,sector not available!,0
Minaean SP Construction Corp.,MSP.V,Industrials,0
Minsud Resources Corp.,MSR.V,Basic Materials,0
M3 Metals Corp.,MT.V,Basic Materials,0
Metalla Royalty & Streaming Ltd.,MTA.V,Basic Materials,0.048
Mountain Boy Minerals Ltd.,MTB.V,Basic Materials,0
MetalCorp Limited,MTC.V,Basic Materials,0
Mammoth Resources Corp.,MTH.V,Basic Materials,0
Martello Technologies Group Inc.,MTLO.V,Technology,0
Meteorite Capital Inc.,MTR.P.V,sector not available!,0
Metallis Resources Inc.,MTS.V,Basic Materials,0
Magna Terra Minerals Inc.,MTT.V,Basic Materials,0
Manitou Gold Inc,MTU.V,Basic Materials,0
Metalex Ventures Ltd,MTX.V,Basic Materials,0
Mundoro Capital Inc.,MUN.V,Basic Materials,0
Murchison Minerals Ltd.,MUR.V,Basic Materials,0
The Good Shroom Co Inc.,MUSH.V,,0
Minerva Intelligence Inc.,MVAI.V,Technology,0
MillenMin Ventures Inc,MVM.V,sector not available!,0
Moovly Media Inc.,MVY.V,Technology,0
Mineworx Technologies Ltd.,MWX.V,Basic Materials,0
MAX Resource Corp.,MXR.V,Basic Materials,0
Killi Ltd.,MYID.V,Technology,0
Metallum Resources Inc.,MZN.V,Basic Materials,0
New Age Metals Inc.,NAM.V,Basic Materials,0
North American Nickel Inc.,NAN.V,Basic Materials,0
Navigator Acquisition Corp.,NAQ.P.V,sector not available!,0
North Arrow Minerals Inc.,NAR.V,Basic Materials,0
Nevgold Corp.,NAU.V,sector not available!,0
Nobel Resources Corp.,NBLC.V,Basic Materials,0
NEO Battery Materials Ltd.,NBM.V,,0
Nubian Resources Ltd,NBR.V,Basic Materials,0
Nubeva Technologies Ltd.,NBVA.V,Technology,0
Niobay Metals Inc.,NBY.V,Basic Materials,0
Newcore Gold Ltd.,NCAU.V,Basic Materials,0
NTG Clarity Networks Inc.,NCI.V,Technology,0
NorthIsle Copper and Gold Inc.,NCX.V,Basic Materials,0
Neptune Digital Assets Corp.,NDA.V,Financial Services,0
Indiva Limited,NDVA.V,Healthcare,0
New Destiny Mining Corp.,NED.V,Basic Materials,0
Northern Vertex Mining Corp.,NEE.V,Basic Materials,0
Newmac Resources Inc.,NER.V,Basic Materials,0
Canadian Net Real Estate Investment Trust,NET.UN.V,sector not available!,0
Nevada Sunrise Gold Corporation,NEV.V,Basic Materials,0
New Target Mining Corp.,NEW.V,Basic Materials,0
NewOrigin Gold Corp.,NEWO.V,Basic Materials,0
Newtopia Inc.,NEWU.V,Healthcare,0
Nexe Innovations Inc.,NEXE.V,Consumer Cyclical,0
Northfield Capital Corporation cl A rv,NFD.A.V,sector not available!,0
New Found Gold Corp.,NFG.V,Basic Materials,0
Northern Graphite Corporation,NGC.V,Basic Materials,0
Nevada Exploration Inc.,NGE.V,Basic Materials,0
Nervgen Pharma Corp.,NGEN.V,Healthcare,0
NGEx Minerals Ltd.,NGEX.V,Basic Materials,0
New Placer Dome Gold Corp.,NGLD.V,Basic Materials,0
Nexera Energy Inc.,NGY.V,Energy,0
FuelPositive Corporation,NHHH.V,Industrials,0
Lumiera Health Inc.,NHP.V,Healthcare,0
Nexpoint Hospitality Trust,NHT.U.V,sector not available!,0
Nickel Rock Resources Inc.,NICL.V,Basic Materials,0
Magna Mining Inc.,NICU.V,Basic Materials,0
GK Resources Ltd.,NIKL.V,Basic Materials,0
Surge Battery Metals Inc.,NILI.V,Basic Materials,0
Nicola Mining Inc.,NIM.V,Basic Materials,0
Niocan Inc.,NIO.V,Basic Materials,0
Nippon Dragon Resources Inc.,NIP.V,Basic Materials,0
Noble Iron Inc.,NIR.V,Technology,0
Cann-is Capital Corp.,NIS.P.V,sector not available!,0
Nevada King Gold Corp.,NKG.V,Basic Materials,0
Nickel 28 Capital Corp.,NKL.V,Basic Materials,0
Northern Lion Gold Corp.,NL.V,Basic Materials,0
Neo Lithium Corp.,NLC.V,Basic Materials,0
Nova Leap Health Corp.,NLH.V,Healthcare,0
Enlighta Inc.,NLTA.V,Healthcare,0
Namibia Critical Metals Inc.,NMI.V,Basic Materials,0
Nickel North Exploration Corp.,NNX.V,Basic Materials,0
Noble Mineral Exploration Inc.,NOB.V,Basic Materials,0
Norseman Silver Inc.,NOC.V,Basic Materials,0
Norden Crown Metals Corporation,NOCR.V,Basic Materials,0
Norra Metals Corp.,NORA.V,Basic Materials,0
Norrland Gold Corp.,NORR.V,Basic Materials,0
Noront Resources Ltd.,NOT.V,Basic Materials,0
Nouveau Monde Graphite Inc.,NOU.V,Basic Materials,0
Nova Royalty Corp.,NOVR.V,Basic Materials,0
NowVertical Group Inc.,NOW.V,Basic Materials,0
Alphinat Inc.,NPA.V,Technology,0
North Peak Resources Ltd.,NPR.V,Basic Materials,0
Neupath Health Inc.,NPTH.V,Healthcare,0
Newrange Gold Corp.,NRG.V,Basic Materials,0
Noram Lithium Corp.,NRM.V,Basic Materials,0
Northern Shield Resources Inc.,NRN.V,Basic Materials,0
Nevada Silver Corporation,NSC.V,Basic Materials,0
Nanalysis Scientific Corp.,NSCI.V,Technology,0
New Stratus Energy Inc.,NSE.V,Energy,0
Naturally Splendid Enterprises Ltd.,NSP.V,Healthcare,0
NSGold Corporation,NSX.V,Basic Materials,0
Network Media Group Inc.,NTE.V,Communication Services,0
Nanotech Security Corp,NTS.V,Technology,0
NeutriSci International Inc.,NU.V,Healthcare,0
Nulegacy Gold Corporation,NUG.V,Basic Materials,0
Numinus Wellness Inc.,NUMI.V,Healthcare,0
Novra Technologies Inc.,NVI.V,Technology,0
Nortec Minerals Corp,NVT.V,Basic Materials,0
Norvista Capital Corporation,NVV.V,Basic Materials,0
NV Gold Corporation,NVX.V,Basic Materials,0
Northwest Copper Corp.,NWST.V,Basic Materials,0
Newport Exploration Ltd.,NWX.V,Basic Materials,0.08
NexgenRx Inc.,NXG.V,Healthcare,0
Next Hydrogen Solutions Inc.,NXH.V,Industrials,0
NexLiving Communities Inc.,NXLV.V,Real Estate,0
NexOptic Technology Corp.,NXO.V,Technology,0
Nexus Gold Corp.,NXS.V,Basic Materials,0
New Zealand Energy Corp.,NZ.V,Energy,0
Nevada Zinc Corporation,NZN.V,Basic Materials,0
Chatham Rock Phosphate Limited,NZP.V,Basic Materials,0
OverActive Media Corp.,OAM.V,sector not available!,0
Outcrop Silver & Gold Corporation,OCG.V,Basic Materials,0
Oroco Resource Corp,OCO.V,Basic Materials,0
Odd Burger Corporation,ODD.V,,0
Osisko Development Corp.,ODV.V,Basic Materials,0
Memex Inc.,OEE.V,Technology,0
Organic Garage Ltd.,OG.V,Consumer Defensive,0
Orogen Royalties Inc.,OGN.V,Basic Materials,0
Organto Foods Inc.,OGO.V,Consumer Defensive,0
O3 Mining Inc.,OIII.V,Basic Materials,0
Olivut Resources Ltd.,OLV.V,Basic Materials,0
Osisko Metals Incorporated,OM.V,Basic Materials,0
Omai Gold Mines Corp.,OMG.V,Basic Materials,0
Omni-Lite Industries Canada Inc,OML.V,Industrials,0.08
Omineca Mining and Metals Ltd.,OMM.V,Basic Materials,0
01 Communique Laboratory Inc.,ONE.V,Technology,0
OOOOO Entertainment Commerce Limited,OOOO.V,sector not available!,0
Opus One Gold Corporation,OOR.V,Basic Materials,0
Ophir Gold Corp.,OPHR.V,Basic Materials,0
Optimum Ventures Ltd.,OPV.V,Basic Materials,0
Opawica Explorations Inc.,OPW.V,Basic Materials,0
Orca Energy Group Inc. ser A,ORC.A.V,sector not available!,0
Orca Energy Group Inc. ser B,ORC.B.V,sector not available!,0
Orezone Gold Corporation,ORE.V,Basic Materials,0
Orca Gold Inc.,ORG.V,Basic Materials,0
Orford Mining Corporation,ORM.V,Basic Materials,0
New Oroperu Resources Inc.,ORO.V,Basic Materials,0
Orestone Mining Corp.,ORS.V,Basic Materials,0
Orefinders Resources Inc.,ORX.V,Basic Materials,0
Osino Resources Corp.,OSI.V,Basic Materials,0
OneSoft Solutions Inc.,OSS.V,Technology,0
Orsu Metals Corporation,OSU.V,Basic Materials,0
Ocumetics Technology Corp.,OTC.V,sector not available!,0
O2Gold Inc.,OTGO.V,Basic Materials,0
Otso Gold Corp.,OTSO.V,Basic Materials,1.5
Oculus VisionTech Inc.,OVT.V,Technology,0
Rex Resources Corp.,OWN.V,Basic Materials,0
CGX Energy Inc.,OYL.V,Energy,0
Palamina Corp.,PA.V,Basic Materials,0
Pacton Gold Inc.,PAC.V,Basic Materials,0
Predictiv AI Inc.,PAI.V,Technology,0
Parallel Mining Corp.,PAL.V,Basic Materials,0
Pangolin Diamonds Corp.,PAN.V,Basic Materials,0
Panorama Capital Corp.,PANO.P.V,sector not available!,0
Pascal Biosciences Inc.,PAS.V,Healthcare,0
Pacific Bay Minerals Ltd.,PBM.V,Basic Materials,0
Powerband Solutions Inc.,PBX.V,Technology,0
Perihelion Capital Ltd.,PCL.P.V,sector not available!,0
Pharmacielo Ltd.,PCLO.V,Healthcare,0
Phoenix Canada Oil Company Limited,PCO.V,Energy,0
Petrolympic Ltd,PCQ.V,Energy,0
Premier Diversified Holdings Inc.,PDH.V,Financial Services,0
Palladium One Mining Inc.,PDM.V,Basic Materials,0
Pure Energy Minerals Limited,PE.V,Basic Materials,0
Sun Peak Metals Corp.,PEAK.V,Basic Materials,0
Pegasus Resources Inc.,PEGA.V,Basic Materials,0
Prospera Energy Inc.,PEI.V,Energy,0
Pacific Empire Minerals Corp.,PEMC.V,Basic Materials,0
Peruvian Metals Corp.,PER.V,Basic Materials,0
Chakana Copper Corp.,PERU.V,Basic Materials,0
Pacific Ridge Exploration Ltd.,PEX.V,Basic Materials,0
PetroFrontier Corp,PFC.V,Energy,0
ProntoForms Corporation,PFM.V,Technology,0
Plato Gold Corp.,PGC.V,Basic Materials,0
Patagonia Gold Corp.,PGDC.V,Basic Materials,0
Group Ten Metals Inc.,PGE.V,Basic Materials,0
P2 Gold Inc.,PGLD.V,Basic Materials,0
Pure Gold Mining Inc.,PGM.V,Basic Materials,0
Power Group Projects Corp.,PGP.V,Basic Materials,0
Prodigy Ventures Inc.,PGV.V,Technology,0.004
Prosper Gold Corp.,PGX.V,Basic Materials,0
Pan Global Resources Inc.,PGZ.V,Basic Materials,0
Premier Health of America Inc.,PHA.V,Healthcare,0
Pathway Health Corp.,PHC.V,sector not available!,0
Providence Gold Mines Inc.,PHD.V,Basic Materials,0
Philippine Metals Inc.,PHI.V,Basic Materials,0
Phenom Resources Corp.,PHNM.V,Basic Materials,0
Pinehurst Capital I Inc.,PHT.P.V,sector not available!,0
Pine Trail Real Estate Investment Trust USD,PINE.U.V,sector not available!,0
Pine Trail Real Estate Investment Trust,PINE.UN.V,sector not available!,0
Pinehurst Capital II Inc.,PINH.P.V,sector not available!,0
"Perimeter Medical Imaging AI, Inc.",PINK.V,Healthcare,0
Pivotal Financial Corp.,PIV.P.V,sector not available!,0
Partner Jet Corp.,PJT.V,Industrials,0
PJX Resources Inc.,PJX.V,Basic Materials,0
Parkit Enterprise Inc.,PKT.V,Industrials,0
Plata Latina Minerals Corporation,PLA.V,Basic Materials,0
Progressive Planet Solutions Inc.,PLAN.V,Basic Materials,0
Plurilock Security Inc.,PLUR.V,Technology,0
Playfair Mining Ltd.,PLY.V,Basic Materials,0
Playmaker Capital Inc.,PMKR.V,Financial Services,0
Panoro Minerals Ltd.,PML.V,Basic Materials,0
Prime Meridian Resources Corp,PMR.V,Basic Materials,0
ProAm Explorations Corporation,PMX.V,Energy,0
Kraken Robotics Inc.,PNG.V,Technology,0
Power Nickel Inc.,PNPN.V,Basic Materials,0
Pantera Silver Corp.,PNTR.V,Basic Materials,0
POCML 6 Inc.,POCC.P.V,sector not available!,0
Pan Orient Energy Corp.,POE.V,Energy,0
Pond Technologies Holdings Inc.,POND.V,Consumer Defensive,0
Pool Safe Inc.,POOL.V,Consumer Cyclical,0
PopReach Corporation,POPR.V,Communication Services,0
Portofino Resources Inc.,POR.V,Basic Materials,0
Pacific Silk Road Resources Group Inc.,PP.V,Basic Materials,0
Pacific Imperial Mines Inc.,PPM.V,Basic Materials,0
Probe Metals Inc.,PRB.V,Basic Materials,0
Precipitate Gold Corp.,PRG.V,Basic Materials,0
Pearl River Holdings Limited,PRH.V,Consumer Cyclical,0
Pershimex Resources Corporation,PRO.V,Basic Materials,0
Prism Resources Inc.,PRS.V,Basic Materials,0
Personas Social Incorporated,PRSN.V,Communication Services,0
Prime Mining Corp.,PRYM.V,Basic Materials,0
Prairie Storm Resources Corp.,PSEC.V,Energy,0
PetroShale Inc.,PSH.V,Energy,0
Psybio Therapeutics Corp.,PSYB.V,Healthcare,0
GHP Noetic Science-Psychedelic Pharma Inc.,PSYF.P.V,sector not available!,0
Petrox Resources Corp.,PTC.V,Energy,0
Pioneering Technology Corp,PTE.V,Industrials,0
Principal Technologies Inc.,PTEC.V,sector not available!,0
Pender Growth Fund Inc.,PTF.V,Financial Services,0
POET Technologies Inc.,PTK.V,Technology,0
Purepoint Uranium Group Inc.,PTU.V,Energy,0
Pancontinental Resources Corporation,PUC.V,Basic Materials,0
Pulse Oil Corp.,PUL.V,Energy,0
Puma Exploration Inc.,PUMA.V,Basic Materials,0
Pure Extraction Corp.,PURX.V,Industrials,0
Partners Value Investments LP,PVF.UN.V,sector not available!,0
Partners Value Investments LP wt 30Jun2026,PVF.WT.V,sector not available!,0
Pivotree Inc.,PVT.V,Technology,0
Power Metals Corp.,PWM.V,Basic Materials,0
Pelangio Exploration Inc.,PX.V,Basic Materials,0
Phoenix Gold Resources Corp.,PXA.V,Basic Materials,0
Planet Ventures Inc.,PXI.V,Financial Services,0
QC Copper and Gold Inc.,QCCU.V,Basic Materials,0
QCX Gold Corp.,QCX.V,Basic Materials,0
Questex Gold & Copper Ltd.,QEX.V,Basic Materials,0
Q-Gold Resources LTD.,QGR.V,Basic Materials,0
Quipt Home Medical Corp.,QIPT.V,Healthcare,0
Quorum Information Technologies Inc.,QIS.V,Technology,0
QMC Quantum Minerals Corp,QMC.V,Basic Materials,0
Quantum Emotion Corp.,QNC.V,Technology,0
Quebec Precious Metals Corporation,QPM.V,Basic Materials,0
Quest Pharmatech Inc.,QPT.V,Healthcare,0.22
Queen's Road Capital Investment Ltd.,QRC.V,Financial Services,0
Quadro Resources Ltd.,QRO.V,Basic Materials,0
Questor Technology Inc.,QST.V,Industrials,0
Quaterra Resources Inc.,QTA.V,Basic Materials,0
Quisitive Technology Solutions Inc.,QUIS.V,Technology,0
Qyou Media Inc.,QYOU.V,Communication Services,0
Quartz Mountain Resources Ltd.,QZM.V,Basic Materials,0
Rockport Capital Corp.,R.P.V,sector not available!,0
Rackla Metals Inc.,RAK.V,Basic Materials,0
Robex Resources Inc.,RBX.V,Basic Materials,0
Rebel Capital 2.0 Corp,RBZ.P.V,sector not available!,0
Rock Tech Lithium Inc.,RCK.V,Basic Materials,0
Canna 8 Investment Trust,RCR.P.V,sector not available!,0
Rochester Resources Ltd.,RCT.V,Basic Materials,0
Ridgeline Minerals Corp.,RDG.V,Basic Materials,0
Radisson Mining Resources Inc.,RDS.V,Basic Materials,0
Radius Gold Inc.,RDU.V,Basic Materials,0
RE Royalties Ltd.,RE.V,Utilities,0.04
The Real Brokerage Inc.,REAX.V,Real Estate,0
Genesis Acquisition Corp.,REBL.P.V,sector not available!,0
Reconnaissance Energy Africa Ltd.,RECO.V,Energy,0
Regulus Resources Inc,REG.V,Basic Materials,0
Reko International Group Inc,REKO.V,Industrials,0
Roughrider Exploration Limited,REL.V,Energy,0
Shine Box Capital Corp.,RENT.P.V,sector not available!,0
Reitmans (Canada) Limited,RET.V,Consumer Cyclical,0.2
RevoluGROUP Canada Inc.,REVO.V,Technology,0
Orex Minerals Inc.,REX.V,Basic Materials,0
RIFCO Inc.,RFC.V,Financial Services,0
Romios Gold Resources Inc.,RG.V,Basic Materials,0
Reunion Gold Corporation,RGD.V,Basic Materials,0
Reco International Group Inc.,RGI.V,Industrials,0
Royal Helium Ltd.,RHC.V,Energy,0
Reliq Health Technologies Inc.,RHT.V,Healthcare,0
Rider 2 Investment Capital Corp.,RIDR.P.V,sector not available!,0
Rio2 Limited,RIO.V,Basic Materials,0
RIWI Corp.,RIWI.V,Technology,0
RJK Explorations Ltd.,RJX.A.V,sector not available!,0
Rockhaven Resources Ltd,RK.V,Basic Materials,0
Rokmaster Resources Corp.,RKR.V,Basic Materials,0
Rakovina Therapeutics Inc.,RKV.V,Healthcare,0
Realia Properties Inc.,RLP.V,Real Estate,0
Railtown Capital Corp.,RLT.P.V,sector not available!,0
Relevium Technologies Inc.,RLV.V,Healthcare,0
Riley Gold Corp.,RLYG.V,Basic Materials,0
Richmond Minerals Inc.,RMD.V,Basic Materials,0
Ridgestone Mining Inc.,RMI.V,Basic Materials,0
Rusoro Mining Ltd,RML.V,Basic Materials,0
Rainy Mountain Royalty Corp.,RMO.V,Basic Materials,0
RMR Science Technologies Inc.,RMS.P.V,sector not available!,0
Royalty North Partners Ltd.,RNP.V,Financial Services,0
Rockridge Resources Ltd.,ROCK.V,Basic Materials,0
Route1 Inc.,ROI.V,Technology,0
ROK Resources Inc.,ROK.V,Energy,0
Rubicon Organics Inc.,ROMJ.V,Healthcare,0
Northstar Clean Technologies Inc.,ROOF.V,sector not available!,0
Roscan Gold Corporation,ROS.V,Basic Materials,0
Rover Metals Corp.,ROVR.V,Basic Materials,0
Canstar Resources Inc.,ROX.V,Basic Materials,0
Replicel Life Sciences Inc.,RP.V,Healthcare,0
Raise Production Inc.,RPC.V,Energy,0
Regent Pacific Properties Inc,RPP.V,Real Estate,0
Red Pine Exploration Inc.,RPX.V,Basic Materials,0
Recharge Resources Ltd.,RR.V,sector not available!,0
Riverside Resources Inc.,RRI.V,Basic Materials,0
R&R Real Estate Investment Trust,RRR.UN.V,sector not available!,0
Rogue Resources Inc.,RRS.V,Basic Materials,0
Rise Capital Corp.,RSE.P.V,sector not available!,0
Reyna Silver Corp.,RSLV.V,Basic Materials,0
Resaas Services Inc.,RSS.V,Technology,0
Resolve Ventures Inc.,RSV.V,Basic Materials,0
Rathdowney Resources Ltd.,RTH.V,Basic Materials,0
Radient Technologies Inc.,RTI.V,Healthcare,0
RT Minerals Corp.,RTM.V,Basic Materials,0
Rugby Mining Limited,RUG.V,Basic Materials,0
Rocky Mountain Liquor Inc.,RUM.V,Consumer Cyclical,0
Rupert Resources Ltd.,RUP.V,Basic Materials,0
Revival Gold Inc.,RVG.V,Basic Materials,0
RenoWorks Software Inc,RW.V,Technology,0
BioSyent Inc.,RX.V,Healthcare,0
Rhyolite Resources Ltd,RYE.V,Basic Materials,0
Rio Silver Inc,RYO.V,Basic Materials,0
Royal Road Minerals Limited,RYR.V,Basic Materials,0
RYU Apparel Inc.,RYU.V,Consumer Cyclical,0
Razor Energy Corp.,RZE.V,Energy,0.156
Abitibi Royalties Inc.,RZZ.V,Basic Materials,0.18
Saasquatch Capital Corp.,SAAS.P.V,sector not available!,0
Savanna Capital Corp.,SAC.P.V,sector not available!,0
Sable Resources Ltd,SAE.V,Basic Materials,0
Sterling Metals Corp.,SAG.V,Basic Materials,0
Sahara Energy Ltd,SAH.V,Energy,0
Atlas Salt Inc.,SALT.V,sector not available!,0
South Atlantic Gold Inc.,SAO.V,Basic Materials,0
Jessy Ventures Corp.,SARG.P.V,sector not available!,0
Asian Television Network International Ltd.,SAT.V,Communication Services,0.02
Canada Computational Unlimited Corp.,SATO.V,sector not available!,0
Sayward Capital Corp.,SAWC.P.V,sector not available!,0
Sparta Capital Ltd.,SAY.V,Industrials,0
Stratabound Minerals Corp.,SB.V,Basic Materials,0
Simply Better Brands Corp.,SBBC.V,Healthcare,0
Sirona Biochem Corp,SBM.V,Healthcare,0
"Liberty Defense Holdings, Ltd.",SCAN.V,Industrials,0
Samoth Oilfield Inc.,SCD.V,Energy,0
Searchlight Resources Inc.,SCLT.V,,0
Scottie Resources Corp.,SCOT.V,Basic Materials,0
Starlight U.S. Multi-Family (No.1) Core Plus Fund,SCPO.UN.V,sector not available!,0
Starlight U.S. Multi-Family (No.2) Core Plus A,SCPT.A.V,sector not available!,0
Starlight U.S. Multi-Family (No.2) Core Plus Fund USD,SCPT.U.V,sector not available!,0
Skychain Technologies Inc.,SCT.V,Technology,0
Santacruz Silver Mining Ltd.,SCZ.V,Basic Materials,0
SolidusGold Inc.,SDC.V,Basic Materials,0
Stampede Drilling Inc.,SDI.V,Energy,0
Stroud Resources Ltd.,SDR.V,Energy,0
Smart Employee Benefits Inc.,SEB.V,Technology,0
Sintana Energy Inc.,SEI.V,Energy,0
Spectra7 Microsystems Inc.,SEV.V,Technology,0
Sandfire Resources America Inc.,SFR.V,Basic Materials,0
Softrock Minerals Ltd,SFT.V,Energy,0
Sphinx Resources Ltd.,SFX.V,Basic Materials,0
Samco Gold Limited,SGA.V,Basic Materials,0
Solstice Gold Corp.,SGC.V,Basic Materials,0
Strategem Capital Corporation,SGE.V,Financial Services,0
Superior Gold Inc.,SGI.V,Basic Materials,0
Salona Global Medical Device Corporation,SGMD.V,Healthcare,0.029852
Sigma Lithium Corporation,SGML.V,sector not available!,0
Scorpio Gold Corporation,SGN.V,Basic Materials,0
Sonoro Gold Corp.,SGO.V,Basic Materials,0
Signature Resources Ltd.,SGU.V,Basic Materials,0
Sego Resources Inc,SGZ.V,Basic Materials,0
Spruce Ridge Resources Ltd.,SHL.V,Basic Materials,0
Sherpa II Holdings Corp.,SHRP.V,Financial Services,0
Sokoman Minerals Corp.,SIC.V,Basic Materials,0
Sienna Resources Inc.,SIE.V,Basic Materials,0
Silver Valley Metals Corp.,SILV.V,Basic Materials,0
SIQ Mountain Industries Inc.,SIQ.V,Industrials,0
Saint Jean Carbon Inc.,SJL.V,Basic Materials,0
Shaw Communications Inc. cl A Part,SJR.A.V,sector not available!,0
Strikewell Energy Corp,SKK.V,Energy,0
Strikepoint Gold Inc.,SKP.V,Basic Materials,0
SKRR Exploration Inc.,SKRR.V,Basic Materials,0
Sky Gold Corp.,SKYG.V,Basic Materials,0
San Lorenzo Gold Corp.,SLG.V,Basic Materials,0
Skylight Health Group Inc.,SLHG.V,Healthcare,0
Standard Lithium Ltd.,SLI.V,Basic Materials,0
Solis Minerals Ltd.,SLMN.V,Basic Materials,0
Silver Tiger Metals Inc.,SLVR.V,Basic Materials,0
Sierra Madre Gold and Silver Ltd.,SM.V,Basic Materials,0
Smartset Services Inc.,SMAR.P.V,sector not available!,0
Strategic Metals Ltd.,SMD.V,Basic Materials,0
Sama Resources Inc./Ressources Sama Inc.,SME.V,Basic Materials,0
Southstone Minerals Limited,SML.V,Energy,0
Sun Summit Minerals Corp.,SMN.V,Basic Materials,0
Southern Empire Resources Corp.,SMP.V,Basic Materials,0
Shine Minerals Corp.,SMR.V,Basic Materials,0
Search Minerals Inc.,SMY.V,Basic Materials,0
Sennen Potash Corporation,SN.V,Industrials,0
Sunora Foods Inc.,SNF.V,Consumer Defensive,0
Silver Range Resources Ltd.,SNG.V,Basic Materials,0
ShaMaran Petroleum Corp,SNM.V,Energy,0
Select Sands Corp.,SNS.V,Basic Materials,0
Sonoro Energy Ltd.,SNV.V,Energy,0
Sonora Gold & Silver Corp,SOC.V,Basic Materials,0
Smooth Rock Ventures Corp.,SOCK.V,Basic Materials,0
Sirios Resources Inc.,SOI.V,Basic Materials,0
Saturn Oil & Gas Inc.,SOIL.V,Energy,0
Solar Alliance Energy Inc.,SOLR.V,Technology,0
Soma Gold Corp.,SOMA.V,Basic Materials,0
Spectre Capital Corp.,SOO.P.V,sector not available!,0
Southern Energy Corp.,SOU.V,Energy,0
Spanish Mountain Gold Ltd,SPA.V,Basic Materials,0
SPC Nickel Corp.,SPC.V,Basic Materials,0
Silver Predator Corp.,SPD.V,Basic Materials,0
Spyder Cannabis Inc.,SPDR.V,Healthcare,0
Canadian Spirit Resources Inc.,SPI.V,Energy,0
Snipp Interactive Inc.,SPN.V,Communication Services,0
GoldSpot Discoveries Corp.,SPOT.V,Technology,0
Spot Coffee (Canada) Ltd.,SPP.V,Consumer Cyclical,0
Sportscene Group Inc. cl A mv,SPS.A.V,sector not available!,0
Stellar AfricaGold Inc.,SPX.V,Basic Materials,0
SQI Diagnostics Inc,SQD.V,Healthcare,0
Spackman Equities Group Inc.,SQG.V,Financial Services,0
Strategic Resources Inc.,SR.V,Basic Materials,0
Stria Lithium Inc.,SRA.V,Basic Materials,0
Stakeholder Gold Corp.,SRC.V,Basic Materials,0
Saville Resources Inc.,SRE.V,Basic Materials,0
Sun Residential Real Estate Investment Trust,SRES.V,Real Estate,0
SRG Mining Inc.,SRG.V,Basic Materials,0
Sparton Resources Inc,SRI.V,Basic Materials,0
Salazar Resources Limited,SRL.V,Basic Materials,0
Spectra Products Inc.,SSA.V,Consumer Cyclical,0
Silver Spruce Resources Inc.,SSE.V,Basic Materials,0
Samurai Capital Corp.,SSS.P.V,sector not available!,0
Shooting Star Acquisition Corp.,SSSS.P.V,sector not available!,0
Southern Silver Exploration Corp,SSV.V,Basic Materials,0
Summa Silver Corp.,SSVR.V,Basic Materials,0
Sleeping Giant Capital Corp.,SSX.P.V,sector not available!,0
Sanatana Resources Inc.,STA.V,Basic Materials,0
BigStack Opportunities Inc.,STAK.P.V,sector not available!,0
Sangoma Technologies Corporation,STC.V,Technology,0.044
Starr Peak Mining Ltd.,STE.V,Basic Materials,0
Stone Gold Inc.,STG.V,Basic Materials,0
Stelmine Canada Ltd.,STH.V,Basic Materials,0
Stamper Oil & Gas Corp.,STMP.V,Energy,0
Standard Uranium Ltd.,STND.V,Energy,0
Stinger Resources Inc.,STNG.V,Basic Materials,0
Star Royalties Ltd.,STRR.V,Basic Materials,0
South Star Battery Metals Corp.,STS.V,Basic Materials,0
Stuhini Exploration Ltd.,STU.V,Basic Materials,0
Stallion Gold Corp.,STUD.V,Basic Materials,0
Stuve Gold Corp.,STUV.V,Basic Materials,0
Sugarbud Craft Growers Corp.,SUGR.V,Healthcare,0
Superior Mining International Corporation,SUI.V,Basic Materials,0
Northern Superior Resources Inc.,SUP.V,Basic Materials,0.12
Surge Copper Corp.,SURG.V,Basic Materials,0
Sernova Corp.,SVA.V,Healthcare,0
Silver One Resources Inc.,SVE.V,Basic Materials,0
Silver Grail Resources Ltd.,SVG.V,Basic Materials,0
Storagevault Canada Inc,SVI.V,Industrials,0.010936
Solarvest BioEnergy Inc,SVS.V,Industrials,0
Silverton Metals Corp.,SVTN.V,Basic Materials,0
Sarama Resources Ltd.,SWA.V,Basic Materials,0
Silver Wolf Exploration Ltd.,SWLF.V,Basic Materials,0
SLAM Exploration Ltd,SXL.V,Basic Materials,0
Skyharbour Resources Ltd.,SYH.V,Basic Materials,0.59
ScoZinc Mining Ltd.,SZM.V,Basic Materials,0
Tajiri Resources Corp.,TAJ.V,Basic Materials,0
PetroTal Corp.,TAL.V,Energy,0
TAG Oil Ltd.,TAO.V,Energy,0
Thesis Gold Inc.,TAU.V,Basic Materials,0
Trustbix Inc.,TBIX.V,Technology,0
Trailbreaker Resources Ltd.,TBK.V,Basic Materials,0
Tombill Mines Limited,TBLL.V,Basic Materials,0
Timberline Resources Corporation,TBR.V,Basic Materials,0
Thunderbird Entertainment Group Inc.,TBRD.V,Communication Services,0
Turmalina Metals Corp.,TBX.V,Basic Materials,0
Timia Capital Corp.,TCA.V,Financial Services,0
Trillium Acquisition Corp.,TCK.P.V,sector not available!,0
Transatlantic Mining Corp.,TCO.V,Basic Materials,0
TDG Gold Corp.,TDG.V,Basic Materials,0
Tearlach Resources Limited,TEA.V,Basic Materials,0.2
Tectonic Metals Inc.,TECT.V,Basic Materials,0
Telo Genomics Corp.,TELO.V,Healthcare,0
Tembo Gold Corp.,TEM.V,Basic Materials,0
Tesoro Minerals Corp.,TES.V,Basic Materials,0
FluroTech Ltd.,TEST.V,Healthcare,0
Trifecta Gold Ltd.,TG.V,Basic Materials,0
Tornado Global Hydrovacs Ltd.,TGH.V,Industrials,0
Trillium Gold Mines Inc.,TGM.V,Basic Materials,0
TGS Esports Inc.,TGS.V,Communication Services,0
True North Gems Inc.,TGX.V,Basic Materials,0
"Thunder Mountain Gold, Inc.",THM.V,Basic Materials,0
Think Research Corporation,THNK.V,Healthcare,0
Totally Hip Technologies Inc.,THP.V,Financial Services,0
Therma Bright Inc.,THRM.V,Healthcare,0
Thor Explorations Ltd,THX.V,Basic Materials,0
Titanium Corporation Inc.,TIC.V,Basic Materials,0
Triumph Gold Corp.,TIG.V,Basic Materials,0
Terra Firma Capital Corporation,TII.V,Financial Services,0.2
Till Capital Corporation,TIL.V,Financial Services,0
Tinka Resources Limited,TK.V,Basic Materials,0
Tarku Resources Ltd.,TKU.V,Basic Materials,0
Trackx Holdings Inc.,TKX.V,Technology,0
Titan Logix Corp,TLA.V,Industrials,0
Theralase Technologies Inc.,TLT.V,Healthcare,0
Trigon Metals Inc.,TM.V,Basic Materials,0
Trench Metals Corp.,TMC.V,Basic Materials,0
Thermal Energy International Inc.,TMG.V,Industrials,0
Tempus Resources Ltd.,TMRR.V,Basic Materials,0
Evergreen Gaming Corporation,TNA.V,Consumer Cyclical,0
TNR Gold Corp.,TNR.V,Basic Materials,0
Topicus.com Inc.,TOI.V,Technology,0
Amilot Capital Inc.,TOM.V,Basic Materials,0
Pucara Gold Ltd.,TORO.V,Basic Materials,0
Torq Resources Inc.,TORQ.V,Basic Materials,0
Torrent Capital Ltd.,TORR.V,Financial Services,0
Tenth Avenue Petroleum Corp.,TPC.V,Energy,0
Tethys Petroleum Ltd.,TPL.V,Energy,0
Troubadour Resources Inc.,TR.V,Basic Materials,0
Teras Resources Inc.,TRA.V,Basic Materials,0
Voleo Trading Systems Inc.,TRAD.V,Technology,0
Tribe Property Technologies Inc.,TRBE.V,Real Estate,0
Tisdale Resources Corp.,TRC.V,Basic Materials,0
Taranis Resources Inc.,TRO.V,Basic Materials,0
Tres-Or Resources Ltd.,TRS.V,Basic Materials,0
TRU Precious Metals Corp.,TRU.V,Basic Materials,0
Tsodilo Resources Limited,TSD.V,Basic Materials,0
TriStar Gold Inc.,TSG.V,Basic Materials,0
Tier One Silver Inc.,TSLV.V,Basic Materials,0
Tinkerine Studios Ltd.,TTD.V,Technology,0
Trans Canada Gold Corp.,TTG.V,Energy,0
Titanium Transportation Group Inc.,TTR.V,Industrials,0.08
Tintina Mines Ltd,TTS.V,Basic Materials,0
Total Telcom Inc.,TTZ.V,Technology,0
Tudor Gold Corp,TUD.V,Basic Materials,0
Honey Badger Silver Inc.,TUF.V,Basic Materials,0
Teuton Resources Corp,TUO.V,Basic Materials,0
Tup Capital Inc.,TUP.P.V,sector not available!,0
Three Valley Copper Corp.,TVC.V,Basic Materials,0
Tvi Pacific Inc.,TVI.V,Basic Materials,0
Tower Resources Ltd.,TWR.V,Basic Materials,0
Twyford Ventures Inc,TWY.V,Basic Materials,0
Tymbal Resources Ltd.,TYMB.V,Basic Materials,0
Typhoon Exploration Inc,TYP.V,Basic Materials,0
Terrace Energy Corp.,TZR.V,Energy,0
Ucore Rare Metals Inc.,UCU.V,Basic Materials,0
Urbanfund Corp.,UFC.V,Real Estate,0.052
Unigold Inc.,UGD.V,Basic Materials,0
UGE International Ltd.,UGE.V,Technology,0
United Hunter Oil & Gas Corp.,UHO.V,Energy,0
Urbanimmersive Inc.,UI.V,Technology,0
Ultra Resources Inc.,ULT.V,Basic Materials,0
Universal Copper Ltd.,UNV.V,Basic Materials,0
Universal Proptech Inc.,UPI.V,Industrials,0
Uranium Royalty Corp.,URC.V,Energy,0
US Copper Corp.,USCU.V,Basic Materials,0
USHA Resources Ltd.,USHA.V,Financial Services,0
Uniserve Communications Corporation,USS.V,Communication Services,0
Uravan Minerals Inc.,UVN.V,Energy,0
Valencia Capital Inc.,VAL.P.V,sector not available!,0
VAR Resources Corp.,VAR.V,Basic Materials,0
Viva Gold Corp.,VAU.V,Basic Materials,0
Vantex Resources Ltd.,VAX.V,Basic Materials,0
Veteran Capital Corp.,VCC.P.V,sector not available!,0
Vitreous Glass Inc,VCI.V,Industrials,0.36
Spartan Acquisition Corp.,VDKA.P.V,sector not available!,0
Vanadian Energy Corp.,VEC.V,Basic Materials,0
Sol Cuisine Ltd.,VEG.V,Consumer Defensive,0
Pasofino Gold Limited,VEIN.V,Basic Materials,0
Venzee Technologies Inc.,VENZ.V,Technology,0
Vertical Exploration Inc.,VERT.V,Basic Materials,0
The Very Good Food Company Inc.,VERY.V,Consumer Defensive,0
Volcanic Gold Mines Inc.,VG.V,Basic Materials,0
Visible Gold Mines Inc.,VGD.V,Basic Materials,0
Vigil Health Solutions Inc,VGL.V,Healthcare,0
Greencastle Resources Ltd.,VGN.V,Energy,0
Vitalhub Corp.,VHI.V,Healthcare,0
Vior Inc.,VIO.V,Basic Materials,0
Silver Viper Minerals Corp.,VIPR.V,Basic Materials,0
Visionstate Corp.,VIS.V,Technology,0
Binovi Technologies Corp.,VISN.V,Healthcare,0
Avivagen Inc.,VIV.V,Healthcare,0
Visionary Gold Corp.,VIZ.V,Basic Materials,0
Velocity Minerals Ltd.,VLC.V,Basic Materials,0
Valdy Investments Ltd.,VLDY.P.V,sector not available!,0
Vision Lithium Inc.,VLI.V,Basic Materials,0
Venerable Ventures Ltd.,VLV.V,Basic Materials,0
Voyageur Pharmaceuticals Ltd.,VM.V,Healthcare,0
Vicinity Motor Corp.,VMC.V,Consumer Cyclical,0
Viscount Mining Corp.,VML.V,Basic Materials,0
Valore Metals Corp.,VO.V,Energy,0
Vanadium One Iron Corp.,VONE.V,Basic Materials,0
Voti Detection Inc.,VOTI.V,Industrials,0
Vox Royalty Corp.,VOX.V,Basic Materials,0
Vitality Products Inc.,VPI.V,Consumer Defensive,0
VentriPoint Diagnostics Ltd.,VPT.V,Healthcare,0
Valterra Resource Corporation,VQA.V,Basic Materials,0
VR Resources Ltd.,VRR.V,Basic Materials,0
Petro-Victory Energy Corp.,VRY.V,Energy,0
Vanstar Mining Resources Inc,VSR.V,Basic Materials,0
Vendetta Mining Corp,VTT.V,Basic Materials,0
Vertex Resource Group Ltd.,VTX.V,Industrials,0
Virginia Energy Resources Inc.,VUI.V,Energy,0
Vulcan Minerals Inc,VUL.V,Basic Materials,0
Vital Energy Inc.,VUX.V,Energy,0
VVC Exploration Corporation,VVC.V,Basic Materials,0
Vaxil Bio Ltd.,VXL.V,Healthcare,0
Voxtur Analytics Corp.,VXTR.V,Technology,0
Vizsla Silver Corp.,VZLA.V,Basic Materials,0
Val-d'Or Mining Corporation,VZZ.V,Basic Materials,0
Western Atlas Resources Inc,WA.V,Basic Materials,0
Warrior Gold Inc.,WAR.V,Basic Materials,0
Whatcom Capital II Corp.,WAT.P.V,sector not available!,0
Current Water Technologies Inc.,WATR.V,Industrials,0
Waverley Pharma Inc.,WAVE.V,Healthcare,0
WestBond Enterprises Corporation,WBE.V,Basic Materials,0.08
Consolidated Woodjam Copper Corp.,WCC.V,Basic Materials,0
Wescan Energy Corp.,WCE.V,Energy,0
World Copper Ltd.,WCU.V,Basic Materials,0
WeCommerce Holdings Ltd.,WE.V,Financial Services,0
Westbridge Energy Corporation,WEB.V,Energy,0
The Westaim Corporation,WED.V,Financial Services,0.504
Wavefront Technology Solutions Inc,WEE.V,Energy,0
Wolverine Energy and Infrastructure Inc.,WEII.V,Energy,0
Wescan Goldfields Inc.,WGF.V,Basic Materials,0
Western Gold Exploration Ltd.,WGLD.V,Basic Materials,0
White Gold Corp.,WGO.V,Basic Materials,0
Whitehorse Gold Corp.,WHG.V,Basic Materials,0
White Metal Resources Corp.,WHM.V,Basic Materials,0
Westhaven Gold Corp.,WHN.V,Basic Materials,0
West High Yield (W.H.Y.) Resources Ltd,WHY.V,Basic Materials,0
The Western Investment Company of Canada Limted,WI.V,Financial Services,0
Wilton Resources Inc,WIL.V,Energy,0
Windfall Geotek Inc.,WIN.V,Technology,0
Winshear Gold Corp.,WINS.V,Basic Materials,0
Wishpond Technologies Ltd.,WISH.V,Technology,0
WestKam Gold Corp.,WKG.V,Basic Materials,0
Wolfden Resources Corporation,WLF.V,Basic Materials,0
GOLO Mobile Inc.,WLTR.V,Technology,0
Western Magnesium Corporation,WMG.V,Basic Materials,0
Whitemud Resources Inc,WMK.V,Basic Materials,0
Wealth Minerals Ltd,WML.V,Basic Materials,0
Winston Capital Group Inc.,WNST.P.V,sector not available!,0
Wow Unlimited Media Inc.,WOW.V,Communication Services,0
Western Pacific Trust Company,WP.V,Financial Services,0
Waseco Resources Inc,WRI.V,Basic Materials,0
Walker River Resources Corp.,WRR.V,Basic Materials,0
Wildsky Resources Inc.,WSK.V,Basic Materials,0
West Vault Mining Inc.,WVM.V,Basic Materials,0
Water Ways Technologies Inc.,WWT.V,Industrials,0
Xtierra Inc,XAG.V,Basic Materials,0
Exelerate Capital Corp.,XCAP.P.V,sector not available!,0
Xali Gold Corp.,XGC.V,Basic Materials,0
Ximen Mining Corp.,XIM.V,Basic Materials,0
XXL Energy Corp,XL.V,Energy,0
Xander Resources Inc.,XND.V,Basic Materials,0
Xplore Resources Corp.,XPLR.V,Basic Materials,0
Transition Metals Corp.,XTM.V,Basic Materials,0
X-Terra Resources Inc,XTT.V,Basic Materials,0
Avante Logixx Inc.,XX.V,Industrials,0
First Light Capital Corp.,XYZ.P.V,sector not available!,0
Mongolia Growth Group Ltd.,YAK.V,Real Estate,0
Toronto Cleantech Capital Inc.,YAY.P.V,sector not available!,0
Yorkton Equity Group Inc.,YEG.V,Real Estate,0
Char Technologies Ltd.,YES.V,Industrials,0
Edgewater Wireless Systems Inc.,YFI.V,Technology,0
Gold Terra Resource Corp.,YGT.V,Basic Materials,0
Ynvisible Interactive Inc.,YNV.V,Technology,0
Yangaroo Inc.,YOO.V,Communication Services,0
Wi2Wi Corporation,YTY.V,Technology,0
Yubba Capital Corp.,YUB.P.V,sector not available!,0
Yorkton Ventures Inc,YVI.V,Energy,0
Badger Capital Corp.,YVR.P.V,sector not available!,0
Zinc One Resources Inc.,Z.V,Basic Materials,0
Zacatecas Silver Corp.,ZAC.V,Basic Materials,0
ZEB Nickel Corp.,ZBNI.V,sector not available!,0
Zimtu Capital Corp.,ZC.V,Financial Services,0
Zedcor Inc.,ZDC.V,Energy,0.08
ZEN Graphene Solutions Ltd.,ZEN.V,Basic Materials,0
Zenith Capital Corporation,ZENI.P.V,sector not available!,0
Zephyr Minerals Ltd.,ZFR.V,Basic Materials,0
ZoomAway Technologies Inc.,ZMA.V,Consumer Cyclical,0
Group Eleven Resources Corp.,ZNG.V,Basic Materials,0
Zincx Resources Corp.,ZNX.V,Basic Materials,0
Zoomd Technologies Ltd.,ZOMD.V,Communication Services,0
Zonte Metals Inc.,ZON.V,Basic Materials,0
Zonetail Inc.,ZONE.V,Technology,0
ZoomerMedia Limited,ZUM.V,Communication Services,0
